Time,layout.dim,layout.data_offset,data_0,data_1,data_2,data_3,data_4,data_5
1626870247.7248695,"[label: ""i""
size: 6
stride: 1]",0,0.0,0.0,0.0,0.0,0.0,0.0
1626870248.2757063,[],0,-2.2367782474575186,0.933820840206079,1.4589476587314967,-1.75924254897988e-05,-0.4557162215277158,-1.109904518818656
1626870248.3003342,[],0,-2.23677716037302,0.9338206764981232,1.458960303660719,-1.7777936116272805e-05,-0.4557305599703777,-1.1099009022825252
1626870248.3253083,[],0,-2.2367767980115207,0.9338206219288044,1.4589645186371263,-1.783977299176414e-05,-0.4557353394512651,-1.1098996967704817
1626870248.3503063,[],0,-2.2367766772243542,0.9338206037390315,1.458965923629262,-1.7860385283594588e-05,-0.45573693261156084,-1.1098992949331339
1626870248.3753173,[],0,-2.2367766369619653,0.9338205976757739,1.458966391959974,-1.7867256047538068e-05,-0.45573746366499274,-1.1098991609873514
1626870248.4002926,[],0,-2.236776623541169,0.9338205956546881,1.4589665480702112,-1.7869546302185897e-05,-0.45573764068280337,-1.1098991163387573
1626870248.4253187,[],0,-2.2367766190675704,0.9338205949809928,1.4589666001069568,-1.787030972040184e-05,-0.4557376996887402,-1.1098991014558925
1626870248.4502826,[],0,-2.222254479192812,0.91926454880775,1.444480371254747,-1.8010467222114844e-05,-0.44113512191489346,-1.1098999691871767
1626870248.4753156,[],0,-2.202892562078202,0.8998573563903731,1.4251662768087474,-1.8048172247503015e-05,-0.4216657503650404,-1.1099010490045318
1626870248.5002837,[],0,-2.1964395242671997,0.8933891611736291,1.418729140029276,-1.7911823418475214e-05,-0.41517671166567754,-1.109901326825005
1626870248.5252905,[],0,-2.1942885116635322,0.891233096101381,1.4165834277694522,-1.786637380879928e-05,-0.4130136987658899,-1.1099014194318295
1626870248.5503356,[],0,-2.19357150746231,0.890514407743965,1.415868190349511,-1.7851223938907303e-05,-0.4122926944659607,-1.109901450300771
1626870248.5752938,[],0,-2.1933325060619024,0.8902748449581597,1.4156297778761973,-1.7846173982276643e-05,-0.4120523596993176,-1.109901460590418
1626870248.600348,[],0,-2.193252838928433,0.8901949906962245,1.4155503070517592,-1.7844490663399756e-05,-0.41197224811043653,-1.1099014640203004
1626870248.6253366,[],0,-2.193226283217277,0.8901683726089129,1.4155238167769468,-1.784392955710746e-05,-0.4119455442474762,-1.1099014651635946
1626870248.6502893,[],0,-2.193217431313558,0.8901594999131422,1.4155149866853425,-1.7843742521676698e-05,-0.4119366429598228,-1.1099014655446926
1626870248.6754172,[],0,-2.193214480678985,0.8901565423478854,1.4155120433214743,-1.784368017653311e-05,-0.4119336758639383,-1.1099014656717252
1626870248.7002945,[],0,-2.1917705979291524,0.8887011172759172,1.4140042669487358,-1.7856966770078665e-05,-0.4104607969791872,-1.1099015475018956
1626870248.7252946,[],0,-2.1898464912968194,0.886761623225147,1.411994970164308,-1.785503522198659e-05,-0.40849802130385365,-1.1099016587121777
1626870248.750321,[],0,-2.1892052092419605,0.8861152120649924,1.411325295160766,-1.7834723584755223e-05,-0.40784383655111567,-1.1099016979280036
1626870248.7752922,[],0,-2.1889914485570072,0.8858997416782742,1.4111020701595853,-1.7827953039011435e-05,-0.4076257749668697,-1.1099017109999458
1626870248.8003278,[],0,-2.1889201949953563,0.8858279182160348,1.4110276618258584,-1.782569619043017e-05,-0.407553087772121,-1.10990171535726
1626870248.8252993,[],0,-2.1888964438081393,0.885803977061955,1.4110028590479495,-1.7824943907569752e-05,-0.4075288587072048,-1.1099017168096978
1626870248.8502822,[],0,-2.1888885267457336,0.8857959966772617,1.410994591455313,-1.7824693146616277e-05,-0.4075207823522327,-1.109901717293844
1626870248.8752916,[],0,-2.1888858877249318,0.8857933365490306,1.4109918355911009,-1.7824609559631785e-05,-0.40751809023390867,-1.109901717455226
1626870248.9003165,[],0,-2.188885008051331,0.8857924498396202,1.410990916969697,-1.782458169730362e-05,-0.40751719286113397,-1.10990171750902
1626870248.9252825,[],0,-2.1888847148267976,0.8857921542698168,1.4109906107625623,-1.78245724098609e-05,-0.40751689373687583,-1.1099017175269512
1626870248.950465,[],0,-2.1813214617423444,0.8782228850339613,1.4031157477452436,-1.1938223976134961e-05,-0.40755383005214674,-1.1099026795530444
1626870248.9752917,[],0,-2.1712372459325198,0.868131347763105,1.392619871608365,-4.091382820483557e-06,-0.40760689999111954,-1.1099034756578157
1626870249.000293,[],0,-2.16787586455718,0.8647682251931693,1.389125085379907,-1.4773894287686966e-06,-0.40762831178130254,-1.1099032544353635
1626870249.0253098,[],0,-2.1667554040987334,0.8636471843365241,1.387960156637088,-6.060582981970765e-07,-0.40763544904469695,-1.109903180694546
1626870249.0502996,[],0,-2.166381917279251,0.8632735040509756,1.3875718470561482,-3.156145880065366e-07,-0.40763782813249505,-1.1099031561142736
1626870249.075318,[],0,-2.166257421672757,0.8631489439557927,1.3874424105291683,-2.1880001794302326e-07,-0.4076386211617611,-1.1099031479208494
1626870249.1003177,[],0,-2.166215923137259,0.8631074239240651,1.387399265020175,-1.8652849458851882e-07,-0.4076388855048497,-1.1099031451897081
1626870249.1253142,[],0,-2.1662020902920927,0.8630935839134893,1.3873848831838438,-1.7577132013701734e-07,-0.4076389736192126,-1.1099031442793277
1626870249.1503549,[],0,-2.1661974793437038,0.8630889705766307,1.3873800892384,-1.721855953198502e-07,-0.4076390029906669,-1.1099031439758675
1626870249.1753137,[],0,-2.166033030743532,0.8628198041294232,1.3875646469805272,-1.7351314017762792e-07,-0.40765064715955646,-1.109903155823256
1626870249.200327,[],0,-2.1655709415564703,0.8615781492658035,1.3877250243903732,-1.7591338146747042e-07,-0.40766615774398374,-1.109903195497581
1626870249.2254095,[],0,-2.165172565210636,0.8602800131355508,1.3876911914641872,-1.6849586040441564e-07,-0.40767131492387565,-1.109903236636879
1626870249.2506328,[],0,-2.1650397878481717,0.8598473539627164,1.387679919320795,-1.5837081201664525e-07,-0.40767302615252987,-1.109903254487847
1626870249.2753363,[],0,-2.1649955287273506,0.8597031342384382,1.3876761619396643,-1.5499579588738845e-07,-0.40767359656208124,-1.1099032604381698
1626870249.3003058,[],0,-2.164980775687077,0.8596550609970122,1.3876749094792873,-1.538707905109695e-07,-0.40767378669859833,-1.1099032624216107
1626870249.32531,[],0,-2.1649758580069856,0.8596390365832036,1.3876744919924948,-1.5349578871882986e-07,-0.4076738500774374,-1.1099032630827577
1626870249.3503108,[],0,-2.1649742187802885,0.859633695111934,1.3876743528302307,-1.5337078812144997e-07,-0.4076738712037171,-1.1099032633031398
1626870249.375293,[],0,-2.1649736723713895,0.8596319146215108,1.3876743064428094,-1.5332912125565667e-07,-0.4076738782458103,-1.1099032633766006
1626870249.4003096,[],0,-2.1649734902350897,0.8596313211247031,1.3876742909803357,-1.5331523230039226e-07,-0.40767388059317466,-1.1099032634010877
1626870249.425304,[],0,-2.1649850609042933,0.8592994998048251,1.3877789938880514,-1.5602082312310545e-07,-0.40767969837164764,-1.109903265056649
1626870249.4503057,[],0,-2.165000548476919,0.8588572890300714,1.3879185967584657,-1.5608973525177412e-07,-0.40768745004211937,-1.1099032705160143
1626870249.4753206,[],0,-2.165005710302715,0.858709905257968,1.3879651248879061,-1.5256953400795994e-07,-0.40769002934723925,-1.1099032755959153
1626870249.5002837,[],0,-2.165007430911314,0.8586607773339334,1.3879806342643861,-1.513961335933552e-07,-0.40769088911561246,-1.1099032772892157
1626870249.5252845,[],0,-2.1650080044475137,0.8586444013592552,1.3879858040565463,-1.5100500012182027e-07,-0.4076911757050703,-1.109903277853649
1626870249.5503137,[],0,-2.165008195626247,0.8586389427010293,1.3879875273205997,-1.508746222979753e-07,-0.4076912712348895,-1.1099032780417937
1626870249.5752895,[],0,-2.1650082593524913,0.8586371231482872,1.3879881017419509,-1.508311630233603e-07,-0.4076913030781626,-1.1099032781045084
1626870249.6003067,[],0,-2.1650082805945727,0.8586365166307065,1.3879882932157344,-1.5081667659848866e-07,-0.40769131369258693,-1.1099032781254135
1626870249.6252954,[],0,-2.1650082876752665,0.8586363144581797,1.387988357040329,-1.508118477901981e-07,-0.40769131723072843,-1.1099032781323817
1626870249.6503265,[],0,-2.1650082922701324,0.8588456902885524,1.3880465594670748,-1.5003627120750027e-07,-0.40769131820927784,-1.1099032766180907
1626870249.6753125,[],0,-2.165008294433439,0.8589969189585809,1.3881241346876705,-1.5100965966336792e-07,-0.40769131976113915,-1.1099032743946475
1626870249.7002943,[],0,-2.1650082935515913,0.8589193296652851,1.3881499863763245,-1.5227167302922243e-07,-0.4076913204420501,-1.1099032743977786
1626870249.7252967,[],0,-2.165008293257642,0.858893474212192,1.3881586036278653,-1.5162401373503807e-07,-0.40769131940613496,-1.1099032753451665
1626870249.7502952,[],0,-2.165008293159659,0.8588848557278276,1.3881614760450458,-1.5140812730364327e-07,-0.4076913190608299,-1.1099032756609626
1626870249.7752855,[],0,-2.1650082931269976,0.8588819828997061,1.3881624335174394,-1.51336165159845e-07,-0.4076913189457283,-1.1099032757662277
1626870249.8003013,[],0,-2.1650082931161108,0.8588810252903323,1.3881627526749036,-1.5131217777857893e-07,-0.40769131890736104,-1.109903275801316
1626870249.8252983,[],0,-2.165008293112482,0.8588807060872077,1.3881628590607253,-1.5130418198482357e-07,-0.40769131889457194,-1.1099032758130123
1626870249.8502913,[],0,-2.1650082931112724,0.8588805996861661,1.3881628945226656,-1.5130151672023845e-07,-0.4076913188903089,-1.109903275816911
1626870249.875323,[],0,-2.165008293110869,0.8588805642191524,1.3881629063433127,-1.5130062829871007e-07,-0.4076913188888879,-1.1099032758182106
1626870249.9002826,[],0,-2.16500829452924,0.8589969104185641,1.3881687308179542,-1.5066898656928834e-07,-0.40769131892038146,-1.1099032749836018
1626870249.925287,[],0,-2.1650082964205355,0.8591520435597049,1.3881764924834035,-1.5074976821106732e-07,-0.40769132005685027,-1.1099032730529117
1626870249.9505084,[],0,-2.165008297050967,0.8592037476596723,1.3881790793446958,-1.5169936989882544e-07,-0.4076913215296769,-1.109903271591903
1626870249.975294,[],0,-2.165008297261111,0.8592209823596614,1.3881799416317933,-1.5201590379474483e-07,-0.40769132202061914,-1.1099032711049
1626870250.0003128,[],0,-2.165008297331159,0.8592267272596579,1.3881802290608258,-1.521214150933846e-07,-0.4076913221842665,-1.1099032709425658
1626870250.025338,[],0,-2.1650082973545084,0.8592286422263232,1.3881803248705034,-1.5215658552626454e-07,-0.40769132223881566,-1.1099032708884544
1626870250.050296,[],0,-2.1650082973622915,0.8592292805485451,1.3881803568070625,-1.521683090038912e-07,-0.40769132225699867,-1.1099032708704173
1626870250.075322,[],0,-2.165008297364886,0.859229493322619,1.3881803674525823,-1.5217221682976672e-07,-0.4076913222630597,-1.1099032708644048
1626870250.1003509,[],0,-2.165008297365751,0.8592295642473103,1.388180371001089,-1.521735194383919e-07,-0.40769132226508004,-1.1099032708624006
1626870250.1252716,[],0,-2.165008297366039,0.8592295878888742,1.3881803721839243,-1.5217395364126695e-07,-0.4076913222657535,-1.1099032708617327
1626870250.1502914,[],0,-2.1650082973661355,0.8592295957693954,1.3881803725782031,-1.5217409837555864e-07,-0.407691322265978,-1.10990327086151
1626870250.1752853,[],0,-2.1650082973661675,0.8592295983962358,1.3881803727096291,-1.5217414662032254e-07,-0.4076913222660528,-1.1099032708614358
1626870250.2002804,[],0,-2.1650082980674874,0.8593168664162316,1.3882385508117925,-1.5228210097115957e-07,-0.40767386870839567,-1.109903270064397
1626870250.2253437,[],0,-2.1650082990025696,0.8594332176896007,1.3883161180960588,-1.5252315521182886e-07,-0.40765059845620055,-1.1099032689156485
1626870250.250327,[],0,-2.1650082993142634,0.8594719962363784,1.3883419703826712,-1.527006378131932e-07,-0.4076428428635084,-1.1099032684466779
1626870250.2752986,[],0,-2.1650082994181616,0.8594849224186376,1.3883505878115419,-1.5275979868031464e-07,-0.40764025766594425,-1.1099032682903545
1626870250.300463,[],0,-2.1650082994527944,0.8594892311460574,1.3883534602878322,-1.5277951896935511e-07,-0.40763939593342285,-1.1099032682382466
1626870250.3253047,[],0,-2.1650082994643385,0.8594906673885305,1.3883544177799287,-1.5278609239903528e-07,-0.4076391086892491,-1.1099032682208771
1626870250.350313,[],0,-2.1650082994681865,0.8594911461360217,1.388354736943961,-1.5278828354226202e-07,-0.40763901294119115,-1.1099032682150876
1626870250.3753014,[],0,-2.165008299469469,0.8594913057185187,1.388354843331972,-1.527890139233376e-07,-0.4076389810251718,-1.1099032682131575
1626870250.4003022,[],0,-2.1650082994698967,0.8594913589126844,1.388354878794642,-1.5278925738369612e-07,-0.40763897038649877,-1.1099032682125143
1626870250.425328,[],0,-2.165008299397387,0.8594855587354102,1.3883548904676806,-1.5282327794984193e-07,-0.40763896683691225,-1.1099032682536125
1626870250.45033,[],0,-2.1650082993005646,0.8594778077817395,1.388354894211687,-1.5281999014009489e-07,-0.4076389655928648,-1.1099032683516532
1626870250.4753323,[],0,-2.1650082992682904,0.859475224477933,1.3883548954605347,-1.527703267923572e-07,-0.4076389651206925,-1.1099032684273622
1626870250.5002728,[],0,-2.1650082992575324,0.8594743633766642,1.388354895876817,-1.5275377234311133e-07,-0.4076389649633017,-1.1099032684525985
1626870250.5252855,[],0,-2.1650082992539463,0.8594740763429078,1.388354896015578,-1.527482541933627e-07,-0.4076389649108381,-1.1099032684610106
1626870250.5502958,[],0,-2.165008299252751,0.8594739806649891,1.3883548960618317,-1.5274641481011317e-07,-0.4076389648933503,-1.1099032684638148
1626870250.575316,[],0,-2.1650082992523525,0.8594739487723496,1.3883548960772496,-1.527458016823633e-07,-0.40763896488752094,-1.1099032684647494
1626870250.6003118,[],0,-2.1650082992522197,0.8594739381414698,1.3883548960823888,-1.5274559730644668e-07,-0.4076389648855779,-1.109903268465061
1626870250.625309,[],0,-2.165008304035377,0.859887004774553,1.3884072648246462,-1.5123830471917236e-07,-0.4075866049499433,-1.109903265079081
1626870250.6502736,[],0,-2.1650083103410616,0.8604319212667049,1.388477086525981,-1.5183834602943879e-07,-0.40751679789319994,-1.1099032583219057
1626870250.6753328,[],0,-2.165008312371053,0.8606077178825866,1.388500357140643,-1.545994695670697e-07,-0.4074935350069176,-1.1099032538701437
1626870250.7003005,[],0,-2.165008313047717,0.8606663171019641,1.3885081140130424,-1.5547125721249548e-07,-0.40748578065400065,-1.1099032524292842
1626870250.7253075,[],0,-2.1650083132732716,0.8606858501750898,1.3885106996371754,-1.5576185309430408e-07,-0.407483195869695,-1.1099032519489977
1626870250.7503207,[],0,-2.1650083133484563,0.8606923611994652,1.3885115615118864,-1.5585871838824028e-07,-0.4074823342749264,-1.1099032517889023
1626870250.7752907,[],0,-2.165008313373518,0.8606945315409236,1.3885118488034567,-1.5589100681955234e-07,-0.4074820470766703,-1.1099032517355372
1626870250.8003664,[],0,-2.165008313381872,0.8606952549880763,1.3885119445673137,-1.559017696299897e-07,-0.4074819513439182,-1.109903251717749
1626870250.825298,[],0,-2.1650083133846563,0.8606954961371273,1.3885119764885991,-1.5590535723346882e-07,-0.4074819194330009,-1.1099032517118195
1626870250.8503046,[],0,-2.1650083179161372,0.8610795577705699,1.3885410848557247,-1.5347986305126611e-07,-0.407516815471905,-1.109903249418297
1626870250.8753445,[],0,-2.165008323957184,0.8615915366486085,1.388579883608152,-1.5349943427755025e-07,-0.40756335594583126,-1.1099032434765264
1626870250.9002948,[],0,-2.1650083259708666,0.8617621733577536,1.3885928147623159,-1.5676071735669242e-07,-0.40757887122222175,-1.1099032386102188
1626870250.9253404,[],0,-2.165008326642094,0.8618190522608018,1.388597125147037,-1.578478117164065e-07,-0.4075840429810185,-1.109903236988116
1626870250.9503143,[],0,-2.1650083268658364,0.8618380118951513,1.388598561941944,-1.5821017650297784e-07,-0.40758576690061743,-1.109903236447415
1626870250.9752817,[],0,-2.1650083269404172,0.8618443317732678,1.3885990408735798,-1.583309647651683e-07,-0.4075863415404838,-1.1099032362671815
1626870251.0002975,[],0,-2.1650083269652773,0.8618464383993066,1.3885992005174583,-1.5837122751923176e-07,-0.4075865330871059,-1.1099032362071037
1626870251.0252795,[],0,-2.165008326973564,0.8618471406079863,1.3885992537320846,-1.583846484372529e-07,-0.40758659693598,-1.1099032361870778
1626870251.0503235,[],0,-2.1650083269763263,0.8618473746775461,1.3885992714702935,-1.583891220765933e-07,-0.40758661821893793,-1.1099032361804024
1626870251.075289,[],0,-2.165008330610837,0.862167436672515,1.3886400086770112,-1.5676047121497818e-07,-0.40758662531577017,-1.1099032340495356
1626870251.100313,[],0,-2.165008335385303,0.8625882709663979,1.3886943164377314,-1.56954898084802e-07,-0.40758663045118715,-1.1099032291805033
1626870251.12532,[],0,-2.1650083369061637,0.8627227124022202,1.3887124164233164,-1.593385806697555e-07,-0.40758663487279634,-1.1099032255704686
1626870251.1503153,[],0,-2.1650083374131173,0.8627675265615778,1.3887184497526903,-1.6008456259466138e-07,-0.40758663628917646,-1.1099032244102014
1626870251.175287,[],0,-2.1650083375821016,0.8627824646146971,1.3887204608624817,-1.6033322323629667e-07,-0.40758663676130313,-1.1099032240234457
1626870251.2004478,[],0,-2.16500833763843,0.8627874439657367,1.3887211312324121,-1.6041611011684176e-07,-0.40758663691867875,-1.109903223894527
1626870251.2253022,[],0,-2.165008337657206,0.8627891037494166,1.3887213546890556,-1.6044373907702344e-07,-0.40758663697113723,-1.1099032238515543
1626870251.2503183,[],0,-2.1650083376634646,0.8627896570106433,1.3887214291746033,-1.6045294873041738e-07,-0.4075866369886234,-1.10990322383723
1626870251.275308,[],0,-2.165008337665551,0.8627898414310522,1.3887214540031192,-1.60456018614882e-07,-0.40758663699445213,-1.109903223832455
1626870251.3003364,[],0,-2.1650083376662463,0.8627899029045217,1.3887214622792912,-1.6045704190970355e-07,-0.407586636996395,-1.1099032238308635
1626870251.3252833,[],0,-2.16500833938068,0.8629470062098099,1.3887505569983385,-1.5989644563566775e-07,-0.40756918366252465,-1.1099032226349883
1626870251.350301,[],0,-2.1650083416663595,0.8631564474139092,1.3887893454499025,-1.6007177079077235e-07,-0.4075459146875179,-1.109903220222308
1626870251.3752847,[],0,-2.1650083424282527,0.8632262517701468,1.3888022731853156,-1.6105334046123328e-07,-0.40753816049998376,-1.1099032185993702
1626870251.4002938,[],0,-2.165008342682217,0.8632495198888928,1.3888065824304534,-1.6138053035138696e-07,-0.40753557577080574,-1.109903218058391
1626870251.4253156,[],0,-2.165008342766872,0.8632572759284747,1.3888080188454994,-1.6148959364810483e-07,-0.40753471419441306,-1.1099032178780646
1626870251.4502919,[],0,-2.1650083427950904,0.863259861275002,1.3888084976505148,-1.6152594808034413e-07,-0.40753442700228215,-1.1099032178179558
1626870251.475338,[],0,-2.165008342804496,0.8632607230571777,1.3888086572521865,-1.615380662244239e-07,-0.40753433127157185,-1.1099032177979196
1626870251.5002916,[],0,-2.1650083428076314,0.863261010317903,1.3888087104527438,-1.6154210560578382e-07,-0.4075342993613351,-1.1099032177912407
1626870251.5252864,[],0,-2.165008342808677,0.8632611060714781,1.3888087281862629,-1.615434520662371e-07,-0.40753428872458947,-1.1099032177890145
1626870251.5503488,[],0,-2.165008345464516,0.8634938537833889,1.3888320104350236,-1.602859277389223e-07,-0.4075342852327784,-1.109903216292864
1626870251.5752957,[],0,-2.1650083490052863,0.863804138255906,1.388863046113118,-1.6035792067452814e-07,-0.407534286198762,-1.1099032127471182
1626870251.600362,[],0,-2.1650083501855435,0.8639075525212396,1.3888733899300694,-1.6213105917857346e-07,-0.4075342885969063,-1.1099032100135826
1626870251.6252983,[],0,-2.1650083505789626,0.8639420239430173,1.3888768378690532,-1.627221053465886e-07,-0.4075342893962878,-1.1099032091024041
1626870251.6503146,[],0,-2.165008350710102,0.8639535144169433,1.3888779871820476,-1.62919120735927e-07,-0.4075342896627483,-1.109903208798678
1626870251.6753736,[],0,-2.1650083507538156,0.8639573445749187,1.3888783702863794,-1.629847925323731e-07,-0.4075342897515684,-1.1099032086974359
1626870251.7002876,[],0,-2.1650083507683866,0.8639586212942438,1.388878497987823,-1.6300668313118848e-07,-0.4075342897811752,-1.1099032086636886
1626870251.725277,[],0,-2.1650083507732436,0.8639590468673521,1.3888785405549708,-1.6301397999746026e-07,-0.4075342897910441,-1.1099032086524394
1626870251.7502818,[],0,-2.1650083507748628,0.8639591887250548,1.38887855474402,-1.6301641228621754e-07,-0.40753428979433376,-1.1099032086486897
1626870251.7752912,[],0,-2.1650083507754023,0.8639592360109558,1.3888785594737034,-1.6301722304913662e-07,-0.40753428979543027,-1.1099032086474399
1626870251.8002965,[],0,-2.165008350775582,0.8639592517729229,1.3888785610502645,-1.63017493303443e-07,-0.40753428979579576,-1.1099032086470233
1626870251.8252838,[],0,-2.1650083536829987,0.8642268796901675,1.388925109165268,-1.6171138092877143e-07,-0.4075342897607264,-1.109903206944553
1626870251.8502994,[],0,-2.1650083575594943,0.8645836956832023,1.3889871699952643,-1.6181617087536295e-07,-0.40753429190688834,-1.1099032030365372
1626870251.8752983,[],0,-2.1650083588516598,0.8647026183715779,1.3890078541407758,-1.6369746405514913e-07,-0.4075342948153185,-1.1099032000956712
1626870251.9003088,[],0,-2.165008359282382,0.8647422592677031,1.3890147488559461,-1.6432456178174453e-07,-0.4075342957847952,-1.1099031991153827
1626870251.9253085,[],0,-2.165008359425956,0.8647554728997449,1.3890170470943364,-1.6453359435727635e-07,-0.4075342961079541,-1.1099031987886199
1626870251.950311,[],0,-2.1650083594738136,0.8647598774437588,1.3890178131737998,-1.6460327188245357e-07,-0.40753429621567383,-1.109903198679699
1626870251.975294,[],0,-2.165008359489766,0.8647613456250968,1.3890180685336209,-1.6462649772417935e-07,-0.40753429625158033,-1.109903198643392
1626870252.000296,[],0,-2.1650083594950837,0.864761835018876,1.3890181536535613,-1.646342396714213e-07,-0.40753429626354915,-1.1099031986312897
1626870252.0253425,[],0,-2.1650083594968565,0.8647619981501358,1.3890181820268748,-1.646368203205019e-07,-0.4075342962675388,-1.1099031986272556
1626870252.050339,[],0,-2.1650083634254162,0.865111126242685,1.3890531060410027,-1.6270563462673024e-07,-0.40753429637511585,-1.1099031964781538
1626870252.0752954,[],0,-2.165008368662906,0.8655765551540187,1.3890996598298408,-1.627537510583429e-07,-0.40753429963622567,-1.109903191285265
1626870252.1002939,[],0,-2.165008370408736,0.8657316772894845,1.3891151756538922,-1.653936807752155e-07,-0.4075343038422659,-1.1099031872255378
1626870252.1253123,[],0,-2.1650083709906793,0.8657833846679731,1.3891203475952427,-1.6627365734750638e-07,-0.40753430524427936,-1.1099031858722954
1626870252.1503704,[],0,-2.16500837118466,0.8658006204608026,1.389122071575693,-1.6656698287160336e-07,-0.4075343057116172,-1.1099031854212145
1626870252.1753078,[],0,-2.1650083712493204,0.8658063657250792,1.389122646235843,-1.6666475804630235e-07,-0.4075343058673965,-1.1099031852708543
1626870252.2003114,[],0,-2.165008371270874,0.8658082808131713,1.3891228377892262,-1.66697349771202e-07,-0.4075343059193229,-1.1099031852207342
1626870252.2252865,[],0,-2.1650083712780583,0.8658089191758688,1.3891229016403541,-1.667082136795019e-07,-0.4075343059366317,-1.1099031852040275
1626870252.2504604,[],0,-2.1650083712804533,0.8658091319634346,1.3891229229240634,-1.6671183498226853e-07,-0.4075343059424013,-1.1099031851984587
1626870252.2753532,[],0,-2.165008374291345,0.8660768261784813,1.3891462073249738,-1.6518459190660504e-07,-0.40753430606008145,-1.109903183593904
1626870252.300323,[],0,-2.1650083783050684,0.866433664894244,1.3891772446877977,-1.6518791421193385e-07,-0.40753430863825574,-1.1099031796446797
1626870252.3252933,[],0,-2.1650083796429764,0.8665525951577207,1.3891875890649186,-1.672298751541791e-07,-0.4075343119208379,-1.1099031765165974
1626870252.3502946,[],0,-2.165008380088946,0.8665922385788796,1.3891910371906255,-1.679105288015942e-07,-0.40753431301503185,-1.1099031754739035
1626870252.3752863,[],0,-2.165008380237602,0.8666054530525991,1.3891921865658612,-1.6813741335073256e-07,-0.4075343133797632,-1.1099031751263388
1626870252.4003463,[],0,-2.165008380287154,0.8666098578771724,1.3891925696909397,-1.6821304153377869e-07,-0.40753431350134034,-1.109903175010484
1626870252.4253685,[],0,-2.1650083803036715,0.8666113261520302,1.3891926973992992,-1.6823825092812736e-07,-0.4075343135418661,-1.1099031749718655
1626870252.4503033,[],0,-2.1650083803091773,0.8666118155769827,1.3891927399687525,-1.6824665405957694e-07,-0.4075343135553746,-1.1099031749589927
1626870252.475344,[],0,-2.1650083803110127,0.8666119787186336,1.3891927541585702,-1.6824945510339347e-07,-0.4075343135598775,-1.109903174954702
1626870252.5012968,[],0,-2.1650083810635827,0.866676030118438,1.3891927605628098,-1.6783775126504007e-07,-0.4075343136223302,-1.1099031745808734
1626870252.525303,[],0,-2.1650083820663966,0.8667613737831354,1.3891927643635216,-1.6782238709970452e-07,-0.4075343143370228,-1.109903173609373
1626870252.5503042,[],0,-2.165008382400668,0.8667898178502098,1.38919276562209,-1.6835177367833378e-07,-0.40753431520817696,-1.1099031728110467
1626870252.575303,[],0,-2.1650083825120916,0.8667992992059014,1.3891927660416128,-1.6852823587121022e-07,-0.4075343154985617,-1.1099031725449378
1626870252.6002884,[],0,-2.165008382549233,0.8668024596577986,1.3891927661814538,-1.6858705660216903e-07,-0.4075343155953566,-1.1099031724562347
1626870252.6252983,[],0,-2.1650083825616133,0.8668035131417643,1.3891927662280674,-1.6860666351248862e-07,-0.40753431562762155,-1.1099031724266673
1626870252.650317,[],0,-2.1650083825657402,0.8668038643030862,1.3891927662436052,-1.6861319914926183e-07,-0.4075343156383765,-1.1099031724168114
1626870252.6754322,[],0,-2.165008382567116,0.8668039813568602,1.3891927662487844,-1.6861537769485289e-07,-0.4075343156419615,-1.1099031724135262
1626870252.7003562,[],0,-2.1650083825675743,0.8668040203747849,1.3891927662505108,-1.6861610387671662e-07,-0.40753431564315656,-1.109903172412431
1626870252.725279,[],0,-2.1650083835805516,0.8669029372642784,1.389216039169669,-1.681635883524281e-07,-0.40753431561287035,-1.1099031718165502
1626870252.75034,[],0,-2.165008384931035,0.8670348075388771,1.3892470683291471,-1.6819168816236815e-07,-0.40753431632062154,-1.1099031704615991
1626870252.7752905,[],0,-2.1650083853811966,0.867078758391659,1.3892574099834827,-1.6883275066862738e-07,-0.40753431730506967,-1.1099031694491404
1626870252.8003032,[],0,-2.1650083855312503,0.8670934086759197,1.3892608572015945,-1.690464381707138e-07,-0.407534317633219,-1.109903169111654
1626870252.8252947,[],0,-2.1650083855812685,0.8670982921040065,1.3892620062742984,-1.6911766733807592e-07,-0.4075343177426021,-1.1099031689991588
1626870252.8503494,[],0,-2.165008385597941,0.8670999199133688,1.3892623892985334,-1.691414103938633e-07,-0.4075343177790632,-1.1099031689616603
1626870252.8753297,[],0,-2.1650083856034983,0.8671004625164895,1.3892625169732782,-1.6914932474579243e-07,-0.40753431779121685,-1.1099031689491607
1626870252.9003296,[],0,-2.165008385605351,0.8671006433841966,1.3892625595315264,-1.6915196286310214e-07,-0.40753431779526805,-1.1099031689449943
1626870252.9252915,[],0,-2.1650083856059688,0.8671007036734322,1.3892625737176092,-1.6915284223553873e-07,-0.4075343177966185,-1.1099031689436054
1626870252.9503293,[],0,-2.1650083856061744,0.867100723769844,1.3892625784463033,-1.6915313535968422e-07,-0.4075343177970686,-1.1099031689431424
1626870252.9752963,[],0,-2.1650083856062428,0.867100730468648,1.3892625800225347,-1.691532330677327e-07,-0.40753431779721866,-1.1099031689429881
1626870253.0002916,[],0,-2.1650083859415923,0.8671356398664412,1.389274216627392,-1.6902055938722286e-07,-0.4075343177685494,-1.1099031687300904
1626870253.0253015,[],0,-2.1650083863887017,0.8671821814128118,1.3892897308771421,-1.690379962443297e-07,-0.40753431796038386,-1.1099031682737204
1626870253.0503018,[],0,-2.165008386537738,0.867197693177183,1.3892949015957434,-1.6923817619716812e-07,-0.4075343182544387,-1.1099031679490392
1626870253.0753865,[],0,-2.165008386587417,0.8672028637653068,1.3892966251686105,-1.6930490284811425e-07,-0.40753431835245696,-1.109903167840812
1626870253.100306,[],0,-2.1650083866039767,0.8672045872946814,1.3892971996928996,-1.693271450650963e-07,-0.4075343183851297,-1.1099031678047364
1626870253.1252892,[],0,-2.1650083866094967,0.8672051618044728,1.389297391200996,-1.6933455913742365e-07,-0.4075343183960206,-1.1099031677927111
1626870253.1505766,[],0,-2.1650083866113365,0.8672053533077367,1.389297455037028,-1.693370304948661e-07,-0.407534318399651,-1.1099031677887026
1626870253.175287,[],0,-2.16500838661195,0.867205417142158,1.3892974763157053,-1.6933785428068025e-07,-0.4075343184008611,-1.1099031677873665
1626870253.200324,[],0,-2.165008386612154,0.8672054384202985,1.3892974834085978,-1.6933812887595165e-07,-0.4075343184012644,-1.1099031677869213
1626870253.2253308,[],0,-2.1650083901389494,0.8675079768851567,1.38929749370261,-1.6736410563645807e-07,-0.4075343186959753,-1.109903166075495
1626870253.2503333,[],0,-2.165008394368156,0.8678706109762092,1.3892975039675943,-1.67526026239474e-07,-0.40753432204730244,-1.1099031617771984
1626870253.2752964,[],0,-2.1650083953047727,0.8679507480025697,1.3892975062994177,-1.7003388944122827e-07,-0.4075343257206721,-1.1099031586299413
1626870253.3002648,[],0,-2.165008395616978,0.8679774627767444,1.3892975070829214,-1.7052969038846415e-07,-0.40753432654287547,-1.1099031578829068
1626870253.325325,[],0,-2.1650083957210464,0.8679863677014694,1.3892975073440894,-1.706949573708761e-07,-0.4075343268169432,-1.1099031576338954
1626870253.3503313,[],0,-2.165008395755736,0.867989336009711,1.389297507431145,-1.7075004636501342e-07,-0.40753432690829916,-1.1099031575508915
1626870253.3752878,[],0,-2.165008395767299,0.8679903254457916,1.3892975074601637,-1.707684093630592e-07,-0.4075343269387511,-1.1099031575232237
1626870253.4002953,[],0,-2.165008395771154,0.8679906552578185,1.3892975074698364,-1.707745303624078e-07,-0.4075343269489018,-1.109903157514001
1626870253.4252748,[],0,-2.1650083957724386,0.8679907651951606,1.389297507473061,-1.70776570695524e-07,-0.4075343269522853,-1.1099031575109268
1626870253.4503002,[],0,-2.165008395772867,0.8679908018409415,1.3892975074741358,-1.7077725080656275e-07,-0.40753432695341313,-1.109903157509902
1626870253.4753613,[],0,-2.1650083987385225,0.8682468021522937,1.3892975142075588,-1.6909115537257315e-07,-0.4075343272143828,-1.1099031560942592
1626870253.5002894,[],0,-2.165008402692588,0.8685881084055804,1.389297523162405,-1.6898100696082194e-07,-0.4075343300995982,-1.1099031523078182
1626870253.5252793,[],0,-2.16500840401061,0.8687018618767532,1.3892975261246598,-1.7108249636081933e-07,-0.4075343335989684,-1.1099031491464129
1626870253.5503156,[],0,-2.1650084044499507,0.8687397797004774,1.3892975271120784,-1.7178299282748517e-07,-0.4075343347654252,-1.1099031480926111
1626870253.575299,[],0,-2.1650084045963975,0.8687524189750523,1.389297527441218,-1.720164916497071e-07,-0.4075343351542441,-1.1099031477413437
1626870253.6003745,[],0,-2.165008404645213,0.8687566320665772,1.3892975275509312,-1.7209432459044773e-07,-0.40753433528385036,-1.1099031476242547
1626870253.6253002,[],0,-2.165008404661485,0.8687580364304188,1.3892975275875021,-1.7212026890402794e-07,-0.40753433532705247,-1.109903147585225
1626870253.6502986,[],0,-2.165008404666909,0.8687585045516993,1.3892975275996924,-1.721289170085547e-07,-0.40753433534145317,-1.109903147572215
1626870253.6754017,[],0,-2.165008404668717,0.8687586605921261,1.3892975276037558,-1.721317997100636e-07,-0.4075343353462534,-1.1099031475678784
1626870253.7003465,[],0,-2.1650084044677573,0.8687412588709507,1.389297527144297,-1.7224827224614952e-07,-0.4075343353291716,-1.1099031476618482
1626870253.725313,[],0,-2.165008404199208,0.8687180056048449,1.3892975265329124,-1.7225682386161435e-07,-0.4075343351323525,-1.1099031479180692
1626870253.7503483,[],0,-2.1650084041096918,0.8687102555584132,1.3892975263316991,-1.7211389020128917e-07,-0.40753433489430285,-1.1099031481329589
1626870253.77528,[],0,-2.1650084040798525,0.8687076722096025,1.3892975262646279,-1.7206624564784742e-07,-0.407534334814953,-1.109903148204589
1626870253.8002937,[],0,-2.1650084040699062,0.8687068110933325,1.389297526242271,-1.720503641300335e-07,-0.40753433478850304,-1.1099031482284656
1626870253.8253007,[],0,-2.1650084040665907,0.8687065240545757,1.3892975262348188,-1.720450702907622e-07,-0.40753433477968637,-1.1099031482364246
1626870253.8503132,[],0,-2.165008404065486,0.8687064283749901,1.3892975262323346,-1.7204330567767178e-07,-0.4075343347767475,-1.1099031482390775
1626870253.8752768,[],0,-2.1650084040651176,0.8687063964817949,1.3892975262315066,-1.720427174733083e-07,-0.4075343347757679,-1.1099031482399617
1626870253.9002805,[],0,-2.1650084040649946,0.8687063858507298,1.3892975262312306,-1.7204252140518714e-07,-0.4075343347754413,-1.1099031482402566
1626870253.9253109,[],0,-2.165008404803566,0.8687703793338601,1.389297527920163,-1.7161852388757998e-07,-0.40753433484344337,-1.1099031478913206
1626870253.950285,[],0,-2.16500840578837,0.8688557037005641,1.3892975301638284,-1.7158780761562747e-07,-0.407534335567144,-1.1099031469511629
1626870253.9753284,[],0,-2.165008406116638,0.8688841413349739,1.3892975309033808,-1.7211211725379333e-07,-0.4075343364412999,-1.1099031461629658
1626870254.000291,[],0,-2.16500840622606,0.8688936205464439,1.3892975311498983,-1.7228688713318195e-07,-0.4075343367326852,-1.1099031459002333
1626870254.0253437,[],0,-2.1650084062625345,0.8688967802836005,1.3892975312320708,-1.723451437596448e-07,-0.40753433682981366,-1.1099031458126558
1626870254.0502903,[],0,-2.165008406274693,0.8688978335293195,1.3892975312594615,-1.7236456263513243e-07,-0.40753433686218976,-1.1099031457834634
1626870254.0753214,[],0,-2.165008406278745,0.8688981846112257,1.3892975312685918,-1.7237103559362832e-07,-0.40753433687298185,-1.1099031457737327
1626870254.100375,[],0,-2.165008406280096,0.8688983016385278,1.389297531271635,-1.7237319324646027e-07,-0.4075343368765792,-1.109903145770489
1626870254.1253138,[],0,-2.1650084062805464,0.8688983406476285,1.3892975312726494,-1.723739124640709e-07,-0.4075343368777783,-1.1099031457694077
1626870254.1502974,[],0,-2.1650084117479818,0.8693754224000596,1.3892975438649686,-1.6918064467772527e-07,-0.4075343373829643,-1.1099031432364295
1626870254.1752965,[],0,-2.165008418971481,0.8700056720220678,1.3892975604803177,-1.6894712693041198e-07,-0.4075343427913947,-1.1099031363480516
1626870254.2003617,[],0,-2.1650084213130487,0.8702099091986211,1.3892975658455413,-1.7284510236315215e-07,-0.4075343492719644,-1.1099031305836762
1626870254.225302,[],0,-2.1650084220935715,0.8702779886048893,1.3892975676347954,-1.7409582981555896e-07,-0.4075343513746651,-1.1099031287054022
1626870254.2503552,[],0,-2.1650084223537456,0.8703006817403118,1.3892975682312134,-1.7451273896636123e-07,-0.4075343520755653,-1.1099031280793108
1626870254.275273,[],0,-2.1650084224404704,0.870308246118786,1.3892975684300195,-1.7465170868329533e-07,-0.40753435230919877,-1.1099031278706137
1626870254.3003256,[],0,-2.165008422469379,0.8703107675782774,1.3892975684962878,-1.7469803192227335e-07,-0.4075343523870766,-1.109903127801048
1626870254.3253117,[],0,-2.1650084224790147,0.8703116080647746,1.3892975685183775,-1.747134730019327e-07,-0.4075343524130358,-1.1099031277778595
1626870254.350301,[],0,-2.165008422482227,0.8703118882269403,1.3892975685257407,-1.747186200284858e-07,-0.4075343524216889,-1.10990312777013
1626870254.3752708,[],0,-2.1650084232116678,0.8703759786472294,1.389297570228838,-1.7428765122299567e-07,-0.4075343524982207,-1.109903127436533
1626870254.4003146,[],0,-2.1650084241831857,0.8704613353324016,1.3892975724888426,-1.742458909799807e-07,-0.4075343532303002,-1.1099031265192463
1626870254.4252768,[],0,-2.1650084245070254,0.8704897837396341,1.3892975732338404,-1.7476655140546536e-07,-0.40753435410724825,-1.109903125738416
1626870254.4502983,[],0,-2.165008424614972,0.870499266542045,1.3892975734821733,-1.7494010488062692e-07,-0.40753435439956426,-1.1099031254781393
1626870254.475296,[],0,-2.1650084246509538,0.8705024274761819,1.389297573564951,-1.749979560390141e-07,-0.4075343544970029,-1.1099031253913803
1626870254.5002944,[],0,-2.1650084246629477,0.8705034811208943,1.3892975735925435,-1.7501723975847648e-07,-0.4075343545294825,-1.1099031253624605
1626870254.525319,[],0,-2.165008424666946,0.8705038323357984,1.3892975736017408,-1.7502366766496396e-07,-0.407534354540309,-1.1099031253528207
1626870254.550303,[],0,-2.1650084246682786,0.8705039494074331,1.3892975736048065,-1.7502581030045979e-07,-0.40753435454391784,-1.1099031253496074
1626870254.5752935,[],0,-2.1650084246687227,0.8705039884313114,1.3892975736058286,-1.750265245122917e-07,-0.40753435454512077,-1.1099031253485363
1626870254.6002843,[],0,-2.165008424668871,0.8705040014392709,1.3892975736061692,-1.7502676258290235e-07,-0.4075343545455217,-1.1099031253481793
1626870254.6252918,[],0,-2.1650084246689203,0.8705040057752573,1.3892975736062827,-1.7502684193977257e-07,-0.4075343545456554,-1.1099031253480602
1626870254.6502743,[],0,-2.1650084246689367,0.8705040072205861,1.3892975736063207,-1.7502686839206264e-07,-0.4075343545457,-1.1099031253480205
1626870254.6753192,[],0,-2.165008430060671,0.8709810764971273,1.3892975862848953,-1.7176880553072577e-07,-0.4075343550917143,-1.109903122948304
1626870254.7003038,[],0,-2.1650084372496443,0.8716171399179637,1.3892976031702073,-1.7141006849861675e-07,-0.40753436056167913,-1.10990311620517
1626870254.7252872,[],0,-2.1650084396459697,0.8718291325921338,1.3892976087792033,-1.7527584508835065e-07,-0.40753436712696134,-1.1099031104139332
1626870254.7502954,[],0,-2.1650084404447445,0.8718997968168571,1.3892976106488686,-1.7656443728492858e-07,-0.40753436931538867,-1.109903108483521
1626870254.7752879,[],0,-2.1650084407110026,0.8719233515584316,1.3892976112720903,-1.7699396801712123e-07,-0.4075343700448644,-1.1099031078400503
1626870254.8003159,[],0,-2.165008440799755,0.8719312031389564,1.3892976114798312,-1.7713714492785212e-07,-0.40753437028802303,-1.10990310762556
1626870254.8253076,[],0,-2.1650084408293395,0.8719338203324647,1.389297611549078,-1.7718487056476243e-07,-0.4075343703690759,-1.1099031075540633
1626870254.8502822,[],0,-2.165008440839201,0.8719346927303008,1.3892976115721603,-1.772007791103992e-07,-0.4075343703960935,-1.109903107530231
1626870254.8753304,[],0,-2.165008440842488,0.8719349835295795,1.3892976115798543,-1.772060819589448e-07,-0.4075343704050994,-1.109903107522287
1626870254.9003487,[],0,-2.165008440843584,0.8719350804626723,1.389297611582419,-1.7720784957512665e-07,-0.40753437040810137,-1.1099031075196388
1626870254.9253082,[],0,-2.1650084435799135,0.8721794651043441,1.3892976181193657,-1.7551780128679314e-07,-0.4075343707098274,-1.109903106334451
1626870254.950298,[],0,-2.165008447227988,0.8725052643965556,1.3892976268121564,-1.7530512249547974e-07,-0.40753437353306254,-1.1099031029397792
1626870254.975286,[],0,-2.165008448444013,0.8726138495749729,1.3892976296874704,-1.772755376969005e-07,-0.4075343768960754,-1.1099030999929174
1626870255.0002773,[],0,-2.1650084488493544,0.8726500446344453,1.3892976306459082,-1.779323427640408e-07,-0.4075343780170797,-1.1099030990106302
1626870255.0252955,[],0,-2.1650084489844685,0.8726621096542694,1.3892976309653875,-1.781512777864209e-07,-0.4075343783907478,-1.1099030986832013
1626870255.0502937,[],0,-2.1650084490295063,0.8726661313275441,1.3892976310718805,-1.7822425612721426e-07,-0.40753437851530383,-1.1099030985740581
1626870255.0753078,[],0,-2.165008449044519,0.8726674718853024,1.3892976311073781,-1.7824858224081204e-07,-0.4075343785568225,-1.109903098537677
1626870255.1003048,[],0,-2.165008449049523,0.8726679187378884,1.3892976311192107,-1.7825669094534464e-07,-0.40753437857066205,-1.10990309852555
1626870255.1252763,[],0,-2.165008449051191,0.8726680676887504,1.389297631123155,-1.7825939384685552e-07,-0.40753437857527525,-1.1099030985215077
1626870255.1502929,[],0,-2.165008449506068,0.8727088427293057,1.3892976322175823,-1.7797709971620743e-07,-0.4075343786288701,-1.1099030983256726
1626870255.1752846,[],0,-2.165008450112015,0.8727631573680218,1.389297633669993,-1.7794002232882284e-07,-0.4075343791014452,-1.1099030977633608
1626870255.2003274,[],0,-2.165008450313997,0.8727812598158569,1.3892976341486183,-1.7826787895367778e-07,-0.4075343796616232,-1.1099030972733774
1626870255.2253714,[],0,-2.1650084503813245,0.8727872939651352,1.3892976343081602,-1.783771644952961e-07,-0.4075343798483493,-1.1099030971100499
1626870255.2503343,[],0,-2.165008450403767,0.8727893053482281,1.3892976343613408,-1.7841359300916887e-07,-0.40753437991059127,-1.1099030970556072
1626870255.2753077,[],0,-2.165008450411248,0.872789975809259,1.3892976343790677,-1.7842573584712647e-07,-0.40753437993133856,-1.1099030970374597
1626870255.3002899,[],0,-2.1650084504137417,0.8727901992962694,1.3892976343849768,-1.78429783459779e-07,-0.40753437993825437,-1.1099030970314105
1626870255.325288,[],0,-2.1650084504145726,0.8727902737919395,1.3892976343869465,-1.784311326639965e-07,-0.40753437994055963,-1.1099030970293942
1626870255.3502865,[],0,-2.1650084504148497,0.8727902986238295,1.389297634387603,-1.7843158239873566e-07,-0.4075343799413281,-1.109903097028722
1626870255.3753254,[],0,-2.165008453968101,0.8731102921120852,1.389297642976744,-1.7619244204942523e-07,-0.4075343803490735,-1.1099030955299547
1626870255.4003043,[],0,-2.1650084587056773,0.873536922721189,1.3892976544047768,-1.7588002874600522e-07,-0.40753438406698217,-1.1099030911537267
1626870255.4253073,[],0,-2.16500846028487,0.8736791138262829,1.3892976581901841,-1.7844914805210552e-07,-0.4075343884807892,-1.1099030873168885
1626870255.4503117,[],0,-2.1650084608112676,0.8737265108613143,1.3892976594519866,-1.7930552115413897e-07,-0.40753438995205815,-1.1099030860379426
1626870255.4752803,[],0,-2.1650084609867335,0.8737423098729914,1.3892976598725872,-1.795909788548168e-07,-0.4075343904424812,-1.1099030856116272
1626870255.500293,[],0,-2.165008461045222,0.8737475762102171,1.3892976600127878,-1.796861314217094e-07,-0.4075343906059555,-1.1099030854695222
1626870255.5252752,[],0,-2.1650084610647182,0.873749331655959,1.389297660059521,-1.7971784894400692e-07,-0.40753439066044694,-1.1099030854221539
1626870255.550294,[],0,-2.165008461071217,0.8737499168045396,1.3892976600750988,-1.7972842145143942e-07,-0.40753439067861075,-1.1099030854063643
1626870255.5753133,[],0,-2.1650084610733833,0.8737501118540665,1.3892976600802913,-1.7973194562058358e-07,-0.4075343906846654,-1.1099030854011012
1626870255.600297,[],0,-2.1650084610741054,0.8737501768705754,1.3892976600820224,-1.7973312034363166e-07,-0.40753439068668357,-1.1099030853993468
1626870255.6252942,[],0,-2.165008461074346,0.8737501985427452,1.3892976600825993,-1.7973351191798097e-07,-0.4075343906873563,-1.109903085398762
1626870255.6503263,[],0,-2.1650084610100837,0.8737443878535307,1.389297659925909,-1.797745774560794e-07,-0.40753439067979574,-1.1099030854253662
1626870255.6752965,[],0,-2.1650084609243203,0.8737366333912719,1.3892976597176425,-1.7978059719434036e-07,-0.4075343906120017,-1.1099030855042673
1626870255.7003107,[],0,-2.1650084608957325,0.8737340489179359,1.3892976596490663,-1.797339999860068e-07,-0.40753439053191454,-1.1099030855738017
1626870255.7253075,[],0,-2.1650084608862032,0.8737331874268239,1.3892976596262074,-1.7971846758322895e-07,-0.4075343905052189,-1.1099030855969798
1626870255.7503028,[],0,-2.1650084608830267,0.87373290026312,1.3892976596185882,-1.797132901156363e-07,-0.40753439049632034,-1.1099030856047059
1626870255.7752907,[],0,-2.165008460881968,0.8737328045418853,1.3892976596160482,-1.7971156429310545e-07,-0.40753439049335416,-1.1099030856072813
1626870255.8002977,[],0,-2.165008460881615,0.8737327726348072,1.3892976596152016,-1.7971098901892849e-07,-0.40753439049236545,-1.1099030856081398
1626870255.825293,[],0,-2.1650084608814972,0.8737327619991144,1.3892976596149194,-1.7971079726086952e-07,-0.4075343904920359,-1.1099030856084258
1626870255.8503106,[],0,-2.165008460881458,0.8737327584538834,1.3892976596148252,-1.797107333415165e-07,-0.40753439049192597,-1.1099030856085212
1626870255.8753264,[],0,-2.1650084647888623,0.8740876499804362,1.3892976691778562,-1.7719861774510054e-07,-0.4075343909612206,-1.1099030840053365
1626870255.9003139,[],0,-2.165008469934977,0.8745550007704527,1.3892976817471605,-1.7685557714547484e-07,-0.4075343951011815,-1.1099030792550442
1626870255.9253,[],0,-2.1650084715865785,0.8747049456207441,1.3892976857563397,-1.7969905021891582e-07,-0.40753439993787766,-1.1099030751021817
1626870255.9503155,[],0,-2.1650084721371123,0.8747549275849249,1.3892976870935787,-1.8059826896090105e-07,-0.40753440149262066,-1.1099030737611433
1626870255.975302,[],0,-2.1650084723206238,0.8747715882396518,1.389297687539325,-1.808980085415628e-07,-0.4075344020108683,-1.1099030733141304
1626870256.0002954,[],0,-2.1650084723817944,0.8747771417912276,1.389297687687907,-1.8099792173511668e-07,-0.4075344021836176,-1.109903073165126
1626870256.0253036,[],0,-2.1650084724021843,0.874778992975086,1.3892976877374346,-1.81031226132968e-07,-0.40753440224120063,-1.109903073115458
1626870256.0503004,[],0,-2.165008472408981,0.8747796100363721,1.3892976877539436,-1.8104232759891845e-07,-0.40753440226039495,-1.1099030730989021
1626870256.0753095,[],0,-2.165008472411247,0.8747798157234676,1.3892976877594467,-1.8104602808756858e-07,-0.4075344022667931,-1.1099030730933834
1626870256.1003344,[],0,-2.1650084731766244,0.8748496992493193,1.389297689651734,-1.8054963617193696e-07,-0.40753440236597027,-1.1099030727831731
1626870256.1252859,[],0,-2.165008474196373,0.8749428045529261,1.3892976921639406,-1.8046982089639465e-07,-0.40753440318658074,-1.1099030718523628
1626870256.1503096,[],0,-2.165008474536289,0.8749738354856312,1.3892976929923346,-1.810264899127304e-07,-0.4075344041506244,-1.1099030710230569
1626870256.1752846,[],0,-2.1650084746495946,0.8749841791298663,1.3892976932684657,-1.81212046251509e-07,-0.40753440447197226,-1.1099030707466215
1626870256.2002935,[],0,-2.165008474687363,0.874987627011278,1.3892976933605095,-1.8127389836443517e-07,-0.4075344045790882,-1.1099030706544764
1626870256.225251,[],0,-2.1650084746999525,0.8749887763050819,1.3892976933911907,-1.8129451573541055e-07,-0.40753440461479357,-1.1099030706237614
1626870256.250294,[],0,-2.165008474704149,0.8749891594030165,1.3892976934014176,-1.8130138819240234e-07,-0.4075344046266953,-1.1099030706135231
1626870256.2752857,[],0,-2.165008474705548,0.874989287102328,1.389297693404827,-1.813036790113996e-07,-0.4075344046306626,-1.1099030706101103
1626870256.300354,[],0,-2.1650084747060143,0.8749893296687652,1.3892976934059633,-1.8130444261773203e-07,-0.407534404631985,-1.1099030706089725
1626870256.3252974,[],0,-2.1650084747061697,0.8749893438575775,1.3892976934063421,-1.8130469715317617e-07,-0.40753440463242585,-1.1099030706085933
1626870256.3504193,[],0,-2.165008479832017,0.8754605995953251,1.3892977061691676,-1.7791538639937462e-07,-0.4075344052851578,-1.1099030685904208
1626870256.375293,[],0,-2.1650084865406045,0.876077271901783,1.3892977228490815,-1.774179153273079e-07,-0.4075344108218864,-1.1099030624426762
1626870256.4002934,[],0,-2.1650084886509755,0.876271166084508,1.3892977280737,-1.8117656973574016e-07,-0.40753441721905914,-1.109903057022998
1626870256.4253278,[],0,-2.165008489354433,0.87633579817359,1.389297729816946,-1.823322378595219e-07,-0.4075344192364803,-1.1099030553029823
1626870256.4503157,[],0,-2.165008489588918,0.876357342203284,1.3892977303980283,-1.8271746056744916e-07,-0.407534419908954,-1.1099030547296438
1626870256.4753242,[],0,-2.16500848966708,0.8763645235465153,1.3892977305917225,-1.8284586813675825e-07,-0.4075344201331119,-1.109903054538531
1626870256.5003288,[],0,-2.1650084896931343,0.8763669173275923,1.389297730656287,-1.8288867065986128e-07,-0.40753442020783126,-1.1099030544748267
1626870256.5252924,[],0,-2.165008489701819,0.876367715254618,1.3892977306778085,-1.8290293816756227e-07,-0.40753442023273767,-1.109903054453592
1626870256.550317,[],0,-2.1650084897047135,0.8763679812302932,1.3892977306849823,-1.829076940034626e-07,-0.4075344202410398,-1.1099030544465136
1626870256.5753136,[],0,-2.1650084897056785,0.8763680698888516,1.3892977306873737,-1.8290927928209606e-07,-0.4075344202438072,-1.1099030544441542
1626870256.6003184,[],0,-2.1650084897060005,0.8763680994417046,1.3892977306881709,-1.829098077083072e-07,-0.40753442024472963,-1.1099030544433677
1626870256.6252909,[],0,-2.1650084915269456,0.8765368288035754,1.3892977352864606,-1.8168430126044617e-07,-0.407534420493164,-1.1099030537455334
1626870256.6503313,[],0,-2.165008493954766,0.8767617813628498,1.3892977413990928,-1.8145979676920347e-07,-0.407534422494843,-1.1099030515601895
1626870256.6752903,[],0,-2.165008494764039,0.8768367554770053,1.3892977434184814,-1.827946421867648e-07,-0.4075344248328099,-1.1099030495765814
1626870256.7002938,[],0,-2.165008495033797,0.8768617468483906,1.389297744091611,-1.8323959065928522e-07,-0.40753442561213216,-1.1099030489153787
1626870256.7252793,[],0,-2.1650084951237165,0.8768700773055189,1.3892977443159875,-1.8338790681679207e-07,-0.40753442587190625,-1.109903048694978
1626870256.7503746,[],0,-2.1650084951536894,0.8768728541245618,1.3892977443907797,-1.83437345535961e-07,-0.40753442595849765,-1.109903048621511
1626870256.7752905,[],0,-2.16500849516368,0.8768737797309094,1.3892977444157104,-1.8345382510901732e-07,-0.40753442598736145,-1.1099030485970218
1626870256.800294,[],0,-2.1650084951670108,0.8768740882663586,1.3892977444240207,-1.8345931830003608e-07,-0.4075344259969827,-1.1099030485888588
1626870256.8252895,[],0,-2.165008495168121,0.8768741911115083,1.3892977444267907,-1.83461149363709e-07,-0.40753442600018974,-1.1099030485861379
1626870256.8502784,[],0,-2.165008497978585,0.8771360315385883,1.389297751576357,-1.815467044189238e-07,-0.407534426392332,-1.1099030475299694
1626870256.8752954,[],0,-2.165008501725501,0.877485102199264,1.3892977610852972,-1.8118100609563238e-07,-0.40753442950959284,-1.10990304417443
1626870256.9003072,[],0,-2.1650085029744734,0.8776014434591082,1.389297764232053,-1.8324661194551505e-07,-0.4075344331441533,-1.109903041107695
1626870256.9253204,[],0,-2.1650085033907978,0.8776402238790564,1.3892977652809715,-1.839351472288093e-07,-0.4075344343556734,-1.1099030400854502
1626870256.9503047,[],0,-2.165008503529572,0.8776531506857058,1.389297765630611,-1.8416465898990738e-07,-0.40753443475951345,-1.1099030397447018
1626870256.9752793,[],0,-2.16500850357583,0.8776574596212555,1.3892977657471575,-1.842411629102734e-07,-0.40753443489412683,-1.1099030396311191
1626870257.0002968,[],0,-2.16500850359125,0.8776588959331054,1.3892977657860064,-1.8426666421706206e-07,-0.4075344349389979,-1.109903039593258
1626870257.0252857,[],0,-2.1650085035963897,0.877659374703722,1.389297765798956,-1.8427516465265827e-07,-0.40753443495395497,-1.109903039580638
1626870257.0503178,[],0,-2.165008503598103,0.8776595342939277,1.3892977658032726,-1.8427799813119037e-07,-0.4075344349589406,-1.109903039576431
1626870257.075322,[],0,-2.165008504096304,0.8777061308076362,1.389297767080179,-1.8393683737513806e-07,-0.4075344350324823,-1.1099030393907916
1626870257.1002774,[],0,-2.165008504760001,0.8777682035167437,1.389297768775041,-1.8386989922975795e-07,-0.4075344355890821,-1.1099030387983286
1626870257.1252885,[],0,-2.1650085049812335,0.8777888916406776,1.3892977693337536,-1.8423647387016492e-07,-0.40753443623482144,-1.1099030382544948
1626870257.1502845,[],0,-2.1650085050549777,0.877795787681989,1.3892977695199913,-1.8435866541696723e-07,-0.4075344364500678,-1.1099030380732169
1626870257.1752903,[],0,-2.165008505079559,0.8777980863624261,1.3892977695820705,-1.84399395932568e-07,-0.40753443652181665,-1.1099030380127908
1626870257.2003362,[],0,-2.1650085050877528,0.8777988525892384,1.3892977696027637,-1.8441297277110158e-07,-0.40753443654573296,-1.1099030379926489
1626870257.2253308,[],0,-2.165008505090484,0.8777991079981758,1.3892977696096616,-1.8441749838394612e-07,-0.4075344365537051,-1.109903037985935
1626870257.2503245,[],0,-2.1650085050913948,0.8777991931344884,1.3892977696119608,-1.8441900692156097e-07,-0.40753443655636246,-1.109903037983697
1626870257.2753017,[],0,-2.165008505091698,0.8777992215132591,1.3892977696127269,-1.8441950976743257e-07,-0.4075344365572482,-1.109903037982951
1626870257.3003128,[],0,-2.165008505091799,0.8777992309728494,1.3892977696129825,-1.844196773827231e-07,-0.4075344365575435,-1.1099030379827024
1626870257.3253467,[],0,-2.1650085069527556,0.8779737715660036,1.3892977743977517,-1.831323836374109e-07,-0.40753443682756446,-1.1099030373010068
1626870257.3502927,[],0,-2.1650085094339975,0.8782064787841879,1.3892977807587965,-1.8287429977741565e-07,-0.4075344389159674,-1.1099030350930923
1626870257.3753042,[],0,-2.165008510261078,0.8782840374374243,1.3892977828605821,-1.842466354962685e-07,-0.4075344413405751,-1.109903033058051
1626870257.400295,[],0,-2.165008510536772,0.8783098903218365,1.3892977835611777,-1.8470408073588611e-07,-0.40753444214877765,-1.109903032379704
1626870257.4252913,[],0,-2.1650085106286694,0.8783185079499739,1.3892977837947094,-1.848565624824253e-07,-0.4075344424181785,-1.1099030321535883
1626870257.4503264,[],0,-2.165008510659302,0.8783213804926864,1.389297783872553,-1.849073897312717e-07,-0.40753444250797877,-1.1099030320782164
1626870257.4752831,[],0,-2.165008510669513,0.8783223380069238,1.3892977838985012,-1.8492433214755386e-07,-0.4075344425379122,-1.1099030320530923
1626870257.5002937,[],0,-2.1650085106729167,0.8783226571783365,1.3892977839071503,-1.8492997961964788e-07,-0.40753444254789,-1.1099030320447176
1626870257.5253363,[],0,-2.1650085106740513,0.8783227635688072,1.3892977839100333,-1.8493186211034587e-07,-0.40753444255121596,-1.109903032041926
1626870257.5503511,[],0,-2.1650085121572933,0.8784624289886517,1.3892977877472124,-1.8389759421274355e-07,-0.40753444277234485,-1.1099030315060316
1626870257.5752707,[],0,-2.1650085141345716,0.8786486057488936,1.3892977928465826,-1.8368464849850392e-07,-0.4075344444482637,-1.1099030297530457
1626870257.600294,[],0,-2.165008514793665,0.8787106563329141,1.3892977945304659,-1.8478037223988682e-07,-0.4075344463890924,-1.1099030281293265
1626870257.6252978,[],0,-2.1650085150133624,0.8787313398609209,1.3892977950917604,-1.8514561348701444e-07,-0.40753444703603525,-1.1099030275880866
1626870257.6503246,[],0,-2.165008515086595,0.8787382343702564,1.3892977952788588,-1.8526736056939031e-07,-0.40753444725168286,-1.1099030274076733
1626870257.6752923,[],0,-2.1650085151110057,0.8787405325400349,1.3892977953412249,-1.8530794293018226e-07,-0.4075344473235654,-1.1099030273475354
1626870257.7002978,[],0,-2.1650085151191427,0.8787412985966278,1.3892977953620136,-1.8532147038377957e-07,-0.40753444734752625,-1.1099030273274897
1626870257.725336,[],0,-2.165008515121855,0.8787415539488254,1.3892977953689432,-1.853259795349787e-07,-0.4075344473555132,-1.1099030273208077
1626870257.7503257,[],0,-2.1650085151227594,0.8787416390662246,1.3892977953712529,-1.8532748258537844e-07,-0.4075344473581755,-1.1099030273185804
1626870257.775285,[],0,-2.165008516477791,0.8788696615685545,1.3892977988946669,-1.843754323993471e-07,-0.40753444756365376,-1.1099030268354875
1626870257.8002796,[],0,-2.1650085182841985,0.8790403222243299,1.389297803576878,-1.8417502474600256e-07,-0.4075344491035634,-1.1099030252392128
1626870257.825317,[],0,-2.165008518886334,0.8790972014680571,1.3892978051227107,-1.851777158063849e-07,-0.4075344508836928,-1.1099030237542282
1626870257.8502822,[],0,-2.1650085190870465,0.8791161612159663,1.3892978056379883,-1.855119461598457e-07,-0.40753445147706924,-1.1099030232592333
1626870257.8752854,[],0,-2.1650085191539503,0.8791224811319359,1.3892978058097474,-1.856233562776659e-07,-0.4075344516748614,-1.109903023094235
1626870257.9002936,[],0,-2.1650085191762516,0.8791245877705924,1.3892978058670007,-1.8566049298360602e-07,-0.40753445174079217,-1.1099030230392355
1626870257.9252799,[],0,-2.1650085191836856,0.8791252899834779,1.389297805886085,-1.8567287188558606e-07,-0.4075344517627691,-1.1099030230209024
1626870257.9503148,[],0,-2.1650085191861637,0.8791255240544398,1.3892978058924463,-1.8567699818624605e-07,-0.40753445177009473,-1.1099030230147913
1626870257.9752796,[],0,-2.1650085191869897,0.8791256020780938,1.3892978058945666,-1.856783736197994e-07,-0.4075344517725366,-1.1099030230127545
1626870258.0002806,[],0,-2.1650085198630005,0.8791896251524014,1.389297807659559,-1.8520116742205014e-07,-0.40753445187711823,-1.1099030227737496
1626870258.0252924,[],0,-2.165008520764073,0.8792749594224355,1.3892978100038356,-1.850991825753045e-07,-0.4075344526486642,-1.109903021979287
1626870258.0502987,[],0,-2.1650085210644305,0.8793034003579555,1.3892978107769214,-1.85599936187827e-07,-0.407534453538764,-1.1099030212379974
1626870258.0752935,[],0,-2.16500852116455,0.8793128806697955,1.3892978110346166,-1.857668540586678e-07,-0.40753445383546394,-1.1099030209909009
1626870258.1003232,[],0,-2.165008521197923,0.8793160407737421,1.389297811120515,-1.8582249334894808e-07,-0.40753445393436394,-1.1099030209085354
1626870258.1253517,[],0,-2.165008521209047,0.8793170941417243,1.3892978111491479,-1.8584103977904152e-07,-0.40753445396733057,-1.1099030208810803
1626870258.1502929,[],0,-2.165008521212755,0.879317445264385,1.3892978111586922,-1.8584722192240598e-07,-0.40753445397831944,-1.1099030208719285
1626870258.1752808,[],0,-2.1650085212139913,0.879317562305272,1.3892978111618737,-1.858492826368608e-07,-0.4075344539819824,-1.1099030208688778
1626870258.200287,[],0,-2.1650085212144035,0.879317601318901,1.3892978111629342,-1.8584996954167909e-07,-0.40753445398320337,-1.109903020867861
1626870258.2254605,[],0,-2.1650085242115154,0.879602692167647,1.3892978190255292,-1.8371115353395863e-07,-0.4075344544461357,-1.1099030198293853
1626870258.2503562,[],0,-2.1650085282075278,0.8799827832792824,1.389297829485144,-1.832413277702813e-07,-0.40753445788995135,-1.109903016321908
1626870258.275292,[],0,-2.165008529539532,0.8801094633010114,1.3892978329481906,-1.8546687706394496e-07,-0.4075344618648695,-1.1099030130295668
1626870258.3003469,[],0,-2.1650085299835333,0.880151689974921,1.3892978341025395,-1.862087268284995e-07,-0.4075344631898422,-1.1099030119321198
1626870258.3252864,[],0,-2.165008530131534,0.8801657655328908,1.3892978344873224,-1.8645601008335103e-07,-0.40753446363149975,-1.109903011566304
1626870258.3502998,[],0,-2.1650085301808675,0.8801704573855474,1.3892978346155833,-1.8653843783496818e-07,-0.40753446377871894,-1.1099030114443655
1626870258.3752923,[],0,-2.165008530197312,0.880172021336433,1.3892978346583371,-1.8656591375217392e-07,-0.407534463827792,-1.1099030114037194
1626870258.4002922,[],0,-2.1650085302027935,0.8801725426533948,1.3892978346725884,-1.865750723912425e-07,-0.40753446384414965,-1.1099030113901707
1626870258.425292,[],0,-2.1650085302046205,0.8801727164257154,1.3892978346773388,-1.86578125270932e-07,-0.40753446384960224,-1.1099030113856543
1626870258.450277,[],0,-2.1650085312400167,0.8802716789131788,1.3892978374170435,-1.8583278557474948e-07,-0.4075344640171291,-1.1099030110326542
1626870258.4753048,[],0,-2.1650085326199364,0.880403565067261,1.3892978410562586,-1.8566444510181147e-07,-0.40753446521724324,-1.1099030098268436
1626870258.5032032,[],0,-2.16500853307991,0.8804475212135264,1.3892978422571896,-1.8643479502603413e-07,-0.40753446659584364,-1.1099030086882578
1626870258.5253122,[],0,-2.1650085332332343,0.8804621732622815,1.3892978426574998,-1.8669157833410833e-07,-0.40753446705537716,-1.1099030083087291
1626870258.5503483,[],0,-2.1650085332843423,0.8804670572785331,1.3892978427909366,-1.8677717277013304e-07,-0.407534467208555,-1.1099030081822197
1626870258.5753045,[],0,-2.1650085333013784,0.8804686852839503,1.3892978428354152,-1.8680570424880798e-07,-0.4075344672596143,-1.1099030081400498
1626870258.6003065,[],0,-2.165008533307057,0.8804692279524229,1.3892978428502416,-1.8681521474169964e-07,-0.407534467276634,-1.1099030081259933
1626870258.6253426,[],0,-2.1650085333089497,0.8804694088419136,1.3892978428551839,-1.8681838490599686e-07,-0.40753446728230724,-1.1099030081213077
1626870258.65031,[],0,-2.1650085333095808,0.8804694691384105,1.389297842856831,-1.8681944162742924e-07,-0.40753446728419834,-1.1099030081197458
1626870258.675289,[],0,-2.1650085333097913,0.8804694892372429,1.3892978428573803,-1.868197938679067e-07,-0.4075344672848287,-1.1099030081192252
1626870258.700307,[],0,-2.1650085348875483,0.8806207617422632,1.3892978470499522,-1.8567420472020188e-07,-0.40753446754052103,-1.1099030075902103
1626870258.7253234,[],0,-2.1650085369911545,0.8808224426854496,1.3892978526230122,-1.8541066065045143e-07,-0.407534469378816,-1.109903005758205
1626870258.7503273,[],0,-2.1650085376923567,0.8808896606359485,1.3892978544638463,-1.8658683816788306e-07,-0.40753447148916316,-1.1099030040207114
1626870258.7753036,[],0,-2.1650085379260906,0.8809120666194482,1.389297855077458,-1.8697889734036028e-07,-0.40753447219261224,-1.109903003441547
1626870258.8002844,[],0,-2.165008538004002,0.8809195352806147,1.389297855281995,-1.87109583731186e-07,-0.4075344724270953,-1.1099030032484922
1626870258.8254123,[],0,-2.165008538029973,0.8809220248343369,1.389297855350174,-1.8715314586146128e-07,-0.4075344725052563,-1.1099030031841406
1626870258.850306,[],0,-2.1650085380386295,0.8809228546855776,1.3892978553729005,-1.87167666571553e-07,-0.40753447253131,-1.10990300316269
1626870258.8752866,[],0,-2.1650085380415147,0.8809231313026579,1.389297855380476,-1.8717250680825029e-07,-0.40753447253999453,-1.10990300315554
1626870258.9002874,[],0,-2.1650085380424766,0.8809232235083513,1.389297855383001,-1.871741202204827e-07,-0.4075344725428893,-1.1099030031531565
1626870258.925288,[],0,-2.1650085406390485,0.8811734246206916,1.3892978623290013,-1.8526870510494458e-07,-0.40753447297135115,-1.109903002300813
1626870258.950289,[],0,-2.1650085441008238,0.8815069804357896,1.389297871566984,-1.8481818046386608e-07,-0.40753447602142945,-1.1099029993010405
1626870258.9752915,[],0,-2.165008545254749,0.8816181507746977,1.3892978746238018,-1.8675857223388975e-07,-0.4075344795178829,-1.1099029964370073
1626870259.0002778,[],0,-2.165008545639391,0.8816552075543337,1.389297875642741,-1.8740536949056426e-07,-0.40753448068336745,-1.1099029954823296
1626870259.0252843,[],0,-2.1650085457676047,0.8816675598142123,1.3892978759823873,-1.8762096857612246e-07,-0.4075344810718623,-1.1099029951641035
1626870259.050283,[],0,-2.165008545810343,0.881671677234172,1.3892978760956027,-1.876928349379752e-07,-0.4075344812013606,-1.1099029950580284
1626870259.07526,[],0,-2.165008545824589,0.8816730497074918,1.3892978761333414,-1.877167903919261e-07,-0.4075344812445266,-1.10990299502267
1626870259.1002862,[],0,-2.1650085458293375,0.8816735071985985,1.3892978761459212,-1.8772477554324305e-07,-0.40753448125891534,-1.1099029950108839
1626870259.1252904,[],0,-2.1650085458309203,0.8816736596956339,1.3892978761501142,-1.8772743726034873e-07,-0.4075344812637116,-1.109902995006955
1626870259.1503143,[],0,-2.165008545831448,0.881673710527979,1.3892978761515118,-1.8772832449938395e-07,-0.40753448126531033,-1.1099029950056454
1626870259.1752841,[],0,-2.165008546252744,0.8817144528842,1.3892978772864333,-1.8741705252231e-07,-0.40753448133740533,-1.1099029948692265
1626870259.2002895,[],0,-2.1650085468142963,0.8817687566499761,1.3892978787936832,-1.8734205009636679e-07,-0.40753448183564966,-1.1099029943843166
1626870259.225294,[],0,-2.165008547001481,0.8817868554734979,1.3892978792905866,-1.8765737191088618e-07,-0.4075344824043817,-1.1099029939192255
1626870259.250278,[],0,-2.1650085470638754,0.881792888414672,1.3892978794562212,-1.8776247918239264e-07,-0.4075344825939591,-1.109902993764195
1626870259.2753437,[],0,-2.165008547084674,0.8817948993950632,1.3892978795114328,-1.8779751493956146e-07,-0.40753448265715153,-1.1099029937125184
1626870259.3003275,[],0,-2.1650085470916065,0.8817955697218604,1.3892978795298365,-1.8780919352528438e-07,-0.4075344826782157,-1.1099029936952927
1626870259.3252892,[],0,-2.1650085470939175,0.881795793164126,1.3892978795359712,-1.8781308638719206e-07,-0.40753448268523706,-1.1099029936895508
1626870259.350329,[],0,-2.165008547094688,0.8817958676448813,1.389297879538016,-1.8781438400782791e-07,-0.4075344826875775,-1.109902993687637
1626870259.3752918,[],0,-2.1650085470949447,0.8817958924717997,1.3892978795386974,-1.8781481654803986e-07,-0.4075344826883577,-1.1099029936869989
1626870259.400361,[],0,-2.16500854709503,0.8817959007474392,1.3892978795389248,-1.878149607281105e-07,-0.4075344826886177,-1.1099029936867861
1626870259.425302,[],0,-2.165008548595592,0.8819413514073313,1.3892978835918968,-1.8669929080793808e-07,-0.4075344829445847,-1.1099029932072695
1626870259.450321,[],0,-2.165008550596313,0.8821352741786594,1.389297888979395,-1.8642714478635984e-07,-0.4075344847256668,-1.109902991484031
1626870259.4752998,[],0,-2.16500855126322,0.8821999064191204,1.3892978907588394,-1.8755189137784235e-07,-0.4075344867592401,-1.1099029898256645
1626870259.5003004,[],0,-2.1650085514855224,0.882221450499274,1.3892978913519873,-1.8792680690833653e-07,-0.40753448743709786,-1.1099029892728758
1626870259.5252895,[],0,-2.165008551559623,0.8822286318593253,1.3892978915497034,-1.8805177875183458e-07,-0.40753448766305045,-1.109902989088613
1626870259.5503175,[],0,-2.1650085515843234,0.8822310256460091,1.389297891615609,-1.880934360330006e-07,-0.407534487738368,-1.1099029890271919
1626870259.5753424,[],0,-2.165008551592557,0.8822318235749036,1.389297891637577,-1.8810732179338927e-07,-0.4075344877634738,-1.1099029890067182
1626870259.6003404,[],0,-2.1650085515953013,0.8822320895512018,1.3892978916448997,-1.8811195038018549e-07,-0.40753448777184237,-1.1099029889998937
1626870259.6253276,[],0,-2.165008551596216,0.8822321782099679,1.3892978916473409,-1.881134932424509e-07,-0.4075344877746319,-1.1099029889976189
1626870259.6503243,[],0,-2.165008553091658,0.8823776556680288,1.3892978957081905,-1.8699367803390197e-07,-0.40753448803478887,-1.1099029885269363
1626870259.675302,[],0,-2.165008555085276,0.882571587375873,1.3892979011054543,-1.8671555628409855e-07,-0.4075344898206138,-1.109902986816008
1626870259.7002883,[],0,-2.1650085557498153,0.8826362225951727,1.3892979028881531,-1.8783832851651433e-07,-0.40753449185576773,-1.1099029851615885
1626870259.7252784,[],0,-2.1650085559713284,0.8826577676682726,1.3892979034823862,-1.882125859273196e-07,-0.4075344925341523,-1.1099029846101154
1626870259.7503273,[],0,-2.165008556045166,0.882664949359306,1.389297903680464,-1.8833733839758804e-07,-0.40753449276028053,-1.1099029844262909
1626870259.7752767,[],0,-2.165008556069779,0.8826673432563169,1.38929790374649,-1.8837892255434418e-07,-0.4075344928356566,-1.109902984365016
1626870259.8002982,[],0,-2.165008556077983,0.8826681412219873,1.3892979037684985,-1.8839278393992956e-07,-0.407534492860782,-1.1099029843445911
1626870259.8252954,[],0,-2.1650085560807177,0.8826684072105442,1.3892979037758348,-1.8839740440179135e-07,-0.4075344928691571,-1.1099029843377828
1626870259.850282,[],0,-2.165008556081629,0.8826684958733964,1.3892979037782802,-1.8839894455574528e-07,-0.40753449287194876,-1.1099029843355135
1626870259.875284,[],0,-2.1650085587003556,0.8829245137472297,1.389297910935964,-1.8641652898501173e-07,-0.40753449333381947,-1.1099029835308276
1626870259.9003444,[],0,-2.1650085621916872,0.8832658260781339,1.3892979204560147,-1.8591210439163734e-07,-0.4075344964863233,-1.1099029805500946
1626870259.9253135,[],0,-2.1650085633554643,0.8833795815751794,1.3892979236066527,-1.878832724127675e-07,-0.40753450007476477,-1.1099029776479417
1626870259.9503028,[],0,-2.16500856374339,0.8834175000741944,1.3892979246568653,-1.885403284198109e-07,-0.40753450127091195,-1.1099029766805575
1626870259.9752953,[],0,-2.1650085638726986,0.8834301395738662,1.3892979250069362,-1.887593470888254e-07,-0.4075345016696277,-1.109902976358096
1626870260.000305,[],0,-2.1650085639158014,0.8834343527404235,1.3892979251236266,-1.888323533118302e-07,-0.4075345018025329,-1.109902976250609
1626870260.0252979,[],0,-2.165008563930169,0.8834357571292758,1.3892979251625235,-1.8885668871949844e-07,-0.40753450184683465,-1.10990297621478
1626870260.0502856,[],0,-2.165008563934958,0.8834362252588932,1.3892979251754891,-1.8886480052205458e-07,-0.4075345018616019,-1.109902976202837
1626870260.0753648,[],0,-2.1650085639365546,0.8834363813020991,1.389297925179811,-1.8886750445623992e-07,-0.40753450186652423,-1.109902976198856
1626870260.1003187,[],0,-2.1650085639370866,0.8834364333165011,1.3892979251812516,-1.8886840576763502e-07,-0.4075345018681651,-1.109902976197529
1626870260.125316,[],0,-2.165008565003681,0.8835411731539033,1.3892979281193467,-1.8805345650604695e-07,-0.40753450206217634,-1.1099029758765104
1626870260.150259,[],0,-2.1650085664256293,0.8836808026799101,1.3892979320236016,-1.8784173163122674e-07,-0.4075345033565074,-1.1099029746680984
1626870260.175271,[],0,-2.165008566899612,0.8837273396028502,1.3892979333122952,-1.8864633125071563e-07,-0.40753450482414755,-1.109902973484465
1626870260.200278,[],0,-2.1650085670576065,0.8837428519104968,1.3892979337418598,-1.8891453112387858e-07,-0.407534505313361,-1.1099029730899206
1626870260.2253242,[],0,-2.165008567110271,0.8837480226797123,1.3892979338850477,-1.8900393108159956e-07,-0.4075345054764321,-1.1099029729584058
1626870260.2503147,[],0,-2.165008567127826,0.8837497462694508,1.3892979339327773,-1.8903373106750654e-07,-0.4075345055307891,-1.1099029729145675
1626870260.2752926,[],0,-2.1650085671336776,0.8837503207993637,1.3892979339486868,-1.890436643961422e-07,-0.40753450554890813,-1.1099029728999548
1626870260.300296,[],0,-2.165008567135628,0.8837505123093347,1.3892979339539901,-1.8904697550568743e-07,-0.4075345055549478,-1.1099029728950838
1626870260.32529,[],0,-2.165008567136278,0.8837505761459916,1.389297933955758,-1.8904807920886917e-07,-0.407534505556961,-1.1099029728934602
1626870260.3502927,[],0,-2.1650085690255736,0.8839367707603176,1.389297939184621,-1.8759331339545004e-07,-0.40753450590400775,-1.1099029723350493
1626870260.3752863,[],0,-2.165008571544417,0.8841849978532832,1.3892979461365131,-1.8720915814977958e-07,-0.4075345082100255,-1.1099029702026149
1626870260.4003568,[],0,-2.165008572384032,0.8842677291036882,1.3892979484344745,-1.8863700680783842e-07,-0.407534510822658,-1.1099029681033754
1626870260.425316,[],0,-2.1650085726639032,0.8842953061871566,1.3892979492004618,-1.8911295636052468e-07,-0.4075345116935355,-1.1099029674036291
1626870260.4503477,[],0,-2.165008572757194,0.8843044985483127,1.3892979494557907,-1.8927160621142011e-07,-0.40753451198382795,-1.1099029671703802
1626870260.4753458,[],0,-2.165008572788291,0.8843075626686981,1.3892979495409004,-1.8932448949505194e-07,-0.4075345120805922,-1.1099029670926306
1626870260.5002804,[],0,-2.1650085727986563,0.88430858404216,1.3892979495692703,-1.8934211725626254e-07,-0.4075345121128469,-1.109902967066714
1626870260.5252771,[],0,-2.165008572802112,0.8843089244999806,1.389297949578727,-1.8934799317666607e-07,-0.4075345121235985,-1.1099029670580753
1626870260.5503113,[],0,-2.1650085728032633,0.8843090379859208,1.3892979495818791,-1.8934995181680056e-07,-0.40753451212718234,-1.1099029670551956
1626870260.5753016,[],0,-2.1650085742734886,0.8844545237377786,1.3892979536769356,-1.8820865818440666e-07,-0.4075345124035015,-1.1099029666289604
