Time,header.seq,header.stamp.secs,header.stamp.nsecs,header.frame_id,twist.linear.x,twist.linear.y,twist.linear.z,twist.angular.x,twist.angular.y,twist.angular.z
1626870248.2265475,0,1626870248,226453458,world,-0.08350608253096863,-0.09776131606006166,-0.07207417588512843,-0.05878949030751861,0.0371309532969329,0.20502929798509195
1626870248.2265697,1,1626870248,226519435,world,-0.08350608253096863,-0.09776131606006166,-0.07207417588512843,-0.05878949030751861,0.0371309532969329,0.20502929798509195
1626870248.251615,2,1626870248,251533705,world,-0.08350608253096863,-0.09776131606006166,-0.07207417588512843,-0.05878949030751861,0.0371309532969329,0.20502929798509195
1626870248.2765768,3,1626870248,276487910,world,-0.08350608253096863,-0.09776131606006166,-0.07207417588512843,-0.05878949030751861,0.0371309532969329,0.20502929798509195
1626870248.3015723,4,1626870248,301511095,world,-0.08350608253096863,-0.09776131606006166,-0.07207417588512843,-0.05878949030751861,0.0371309532969329,0.20502929798509195
1626870248.3266106,5,1626870248,326534027,world,-0.08350608253096863,-0.09776131606006166,-0.07207417588512843,-0.05878949030751861,0.0371309532969329,0.20502929798509195
1626870248.3516076,6,1626870248,351534611,world,-0.08350608253096863,-0.09776131606006166,-0.07207417588512843,-0.05878949030751861,0.0371309532969329,0.20502929798509195
1626870248.3766005,7,1626870248,376535642,world,-0.08350608253096863,-0.09776131606006166,-0.07207417588512843,-0.05878949030751861,0.0371309532969329,0.20502929798509195
1626870248.4016528,8,1626870248,401584840,world,-0.08350608253096863,-0.09776131606006166,-0.07207417588512843,-0.05878949030751861,0.0371309532969329,0.20502929798509195
1626870248.426602,9,1626870248,426536733,world,-0.08350608253096863,-0.09776131606006166,-0.07207417588512843,-0.05878949030751861,0.0371309532969329,0.20502929798509195
1626870248.4516022,10,1626870248,451543594,world,-0.07368275980459232,-0.09365914819853041,-0.08412645539404706,-0.09730186226940025,0.05853604088290542,0.16137539442500334
1626870248.4765925,11,1626870248,476534338,world,-0.07368275980459232,-0.09365914819853041,-0.08412645539404706,-0.09730186226940025,0.05853604088290542,0.16137539442500334
1626870248.5016243,12,1626870248,501548567,world,-0.07368275980459232,-0.09365914819853041,-0.08412645539404706,-0.09730186226940025,0.05853604088290542,0.16137539442500334
1626870248.5265973,13,1626870248,526534421,world,-0.07368275980459232,-0.09365914819853041,-0.08412645539404706,-0.09730186226940025,0.05853604088290542,0.16137539442500334
1626870248.551601,14,1626870248,551534817,world,-0.07368275980459232,-0.09365914819853041,-0.08412645539404706,-0.09730186226940025,0.05853604088290542,0.16137539442500334
1626870248.5765934,15,1626870248,576535007,world,-0.07368275980459232,-0.09365914819853041,-0.08412645539404706,-0.09730186226940025,0.05853604088290542,0.16137539442500334
1626870248.6016133,16,1626870248,601537022,world,-0.07368275980459232,-0.09365914819853041,-0.08412645539404706,-0.09730186226940025,0.05853604088290542,0.16137539442500334
1626870248.6266186,17,1626870248,626535493,world,-0.07368275980459232,-0.09365914819853041,-0.08412645539404706,-0.09730186226940025,0.05853604088290542,0.16137539442500334
1626870248.6516142,18,1626870248,651536584,world,-0.07368275980459232,-0.09365914819853041,-0.08412645539404706,-0.09730186226940025,0.05853604088290542,0.16137539442500334
1626870248.6766095,19,1626870248,676535098,world,-0.07368275980459232,-0.09365914819853041,-0.08412645539404706,-0.09730186226940025,0.05853604088290542,0.16137539442500334
1626870248.7016113,20,1626870248,701536234,world,-0.07274229326905528,-0.09322564697986463,-0.08533524017866978,-0.10108021536333983,0.06051188715606928,0.1570387655720272
1626870248.7265763,21,1626870248,726511127,world,-0.07274229326905528,-0.09322564697986463,-0.08533524017866978,-0.10108021536333983,0.06051188715606928,0.1570387655720272
1626870248.7516062,22,1626870248,751534432,world,-0.07274229326905528,-0.09322564697986463,-0.08533524017866978,-0.10108021536333983,0.06051188715606928,0.1570387655720272
1626870248.7765958,23,1626870248,776531971,world,-0.07274229326905528,-0.09322564697986463,-0.08533524017866978,-0.10108021536333983,0.06051188715606928,0.1570387655720272
1626870248.8015957,24,1626870248,801532330,world,-0.07274229326905528,-0.09322564697986463,-0.08533524017866978,-0.10108021536333983,0.06051188715606928,0.1570387655720272
1626870248.8266013,25,1626870248,826533275,world,-0.07274229326905528,-0.09322564697986463,-0.08533524017866978,-0.10108021536333983,0.06051188715606928,0.1570387655720272
1626870248.8516176,26,1626870248,851531958,world,-0.07274229326905528,-0.09322564697986463,-0.08533524017866978,-0.10108021536333983,0.06051188715606928,0.1570387655720272
1626870248.8765936,27,1626870248,876534217,world,-0.07274229326905528,-0.09322564697986463,-0.08533524017866978,-0.10108021536333983,0.06051188715606928,0.1570387655720272
1626870248.9015987,28,1626870248,901534223,world,-0.07274229326905528,-0.09322564697986463,-0.08533524017866978,-0.10108021536333983,0.06051188715606928,0.1570387655720272
1626870248.9266024,29,1626870248,926533264,world,-0.07274229326905528,-0.09322564697986463,-0.08533524017866978,-0.10108021536333983,0.06051188715606928,0.1570387655720272
1626870248.9516194,30,1626870248,951536629,world,-0.06788399492889712,-0.09083001290950884,-0.09157089594540135,-0.10083807128339399,0.05883237159079618,0.1343628972909257
1626870248.9766145,31,1626870248,976544971,world,-0.06788399492889712,-0.09083001290950884,-0.09157089594540135,-0.10083807128339399,0.05883237159079618,0.1343628972909257
1626870249.0016031,32,1626870249,1532650,world,-0.06788399492889712,-0.09083001290950884,-0.09157089594540135,-0.10083807128339399,0.05883237159079618,0.1343628972909257
1626870249.026595,33,1626870249,26533103,world,-0.06788399492889712,-0.09083001290950884,-0.09157089594540135,-0.10083807128339399,0.05883237159079618,0.1343628972909257
1626870249.0516114,34,1626870249,51538087,world,-0.06788399492889712,-0.09083001290950884,-0.09157089594540135,-0.10083807128339399,0.05883237159079618,0.1343628972909257
1626870249.0765715,35,1626870249,76514264,world,-0.06788399492889712,-0.09083001290950884,-0.09157089594540135,-0.10083807128339399,0.05883237159079618,0.1343628972909257
1626870249.1016116,36,1626870249,101536091,world,-0.06788399492889712,-0.09083001290950884,-0.09157089594540135,-0.10083807128339399,0.05883237159079618,0.1343628972909257
1626870249.126602,37,1626870249,126534120,world,-0.06788399492889712,-0.09083001290950884,-0.09157089594540135,-0.10083807128339399,0.05883237159079618,0.1343628972909257
1626870249.1516051,38,1626870249,151532694,world,-0.06788399492889712,-0.09083001290950884,-0.09157089594540135,-0.10083807128339399,0.05883237159079618,0.1343628972909257
1626870249.1766095,39,1626870249,176534195,world,-0.06753580387584668,-0.09041423698451453,-0.09157624903567307,-0.10199862470856191,0.05947606785870717,0.13387127471073268
1626870249.2015905,40,1626870249,201532350,world,-0.06677782213242167,-0.08943995051239334,-0.09191381969383827,-0.1040871456396078,0.060642770646211756,0.13313274351638985
1626870249.2266014,41,1626870249,226535148,world,-0.06677782213242167,-0.08943995051239334,-0.09191381969383827,-0.1040871456396078,0.060642770646211756,0.13313274351638985
1626870249.251607,42,1626870249,251536105,world,-0.06677782213242167,-0.08943995051239334,-0.09191381969383827,-0.1040871456396078,0.060642770646211756,0.13313274351638985
1626870249.2766,43,1626870249,276533078,world,-0.06677782213242167,-0.08943995051239334,-0.09191381969383827,-0.1040871456396078,0.060642770646211756,0.13313274351638985
1626870249.301612,44,1626870249,301534092,world,-0.06677782213242167,-0.08943995051239334,-0.09191381969383827,-0.1040871456396078,0.060642770646211756,0.13313274351638985
1626870249.326558,45,1626870249,326493813,world,-0.06677782213242167,-0.08943995051239334,-0.09191381969383827,-0.1040871456396078,0.060642770646211756,0.13313274351638985
1626870249.3516047,46,1626870249,351534183,world,-0.06677782213242167,-0.08943995051239334,-0.09191381969383827,-0.1040871456396078,0.060642770646211756,0.13313274351638985
1626870249.3766048,47,1626870249,376533366,world,-0.06677782213242167,-0.08943995051239334,-0.09191381969383827,-0.1040871456396078,0.060642770646211756,0.13313274351638985
1626870249.4016142,48,1626870249,401532858,world,-0.06677782213242167,-0.08943995051239334,-0.09191381969383827,-0.1040871456396078,0.060642770646211756,0.13313274351638985
1626870249.4265614,49,1626870249,426500214,world,-0.0664606250230832,-0.08896354879533006,-0.0919761249655453,-0.1052029010392479,0.061295278103489774,0.1331641257245203
1626870249.4515874,50,1626870249,451518064,world,-0.0664606250230832,-0.08896354879533006,-0.0919761249655453,-0.1052029010392479,0.061295278103489774,0.1331641257245203
1626870249.476601,51,1626870249,476533640,world,-0.0664606250230832,-0.08896354879533006,-0.0919761249655453,-0.1052029010392479,0.061295278103489774,0.1331641257245203
1626870249.5016236,52,1626870249,501533256,world,-0.0664606250230832,-0.08896354879533006,-0.0919761249655453,-0.1052029010392479,0.061295278103489774,0.1331641257245203
1626870249.5265958,53,1626870249,526533772,world,-0.0664606250230832,-0.08896354879533006,-0.0919761249655453,-0.1052029010392479,0.061295278103489774,0.1331641257245203
1626870249.5516086,54,1626870249,551533670,world,-0.0664606250230832,-0.08896354879533006,-0.0919761249655453,-0.1052029010392479,0.061295278103489774,0.1331641257245203
1626870249.5765924,55,1626870249,576528245,world,-0.0664606250230832,-0.08896354879533006,-0.0919761249655453,-0.1052029010392479,0.061295278103489774,0.1331641257245203
1626870249.6016304,56,1626870249,601564895,world,-0.0664606250230832,-0.08896354879533006,-0.0919761249655453,-0.1052029010392479,0.061295278103489774,0.1331641257245203
1626870249.626597,57,1626870249,626531524,world,-0.0664606250230832,-0.08896354879533006,-0.0919761249655453,-0.1052029010392479,0.061295278103489774,0.1331641257245203
1626870249.6516366,58,1626870249,651536265,world,-0.06660794285631892,-0.08918157808640881,-0.0918794781917378,-0.10481052094608673,0.06106666565106128,0.1331653527684338
1626870249.6765897,59,1626870249,676514424,world,-0.06650219873356795,-0.0890250774334547,-0.0919221342237786,-0.10514253475137066,0.061260107162528346,0.13316431448709057
1626870249.7016025,60,1626870249,701533127,world,-0.06650219873356795,-0.0890250774334547,-0.0919221342237786,-0.10514253475137066,0.061260107162528346,0.13316431448709057
1626870249.7265935,61,1626870249,726522524,world,-0.06650219873356795,-0.0890250774334547,-0.0919221342237786,-0.10514253475137066,0.061260107162528346,0.13316431448709057
1626870249.7516556,62,1626870249,751533589,world,-0.06650219873356795,-0.0890250774334547,-0.0919221342237786,-0.10514253475137066,0.061260107162528346,0.13316431448709057
1626870249.7765903,63,1626870249,776531491,world,-0.06650219873356795,-0.0890250774334547,-0.0919221342237786,-0.10514253475137066,0.061260107162528346,0.13316431448709057
1626870249.8015916,64,1626870249,801534004,world,-0.06650219873356795,-0.0890250774334547,-0.0919221342237786,-0.10514253475137066,0.061260107162528346,0.13316431448709057
1626870249.8266006,65,1626870249,826534065,world,-0.06650219873356795,-0.0890250774334547,-0.0919221342237786,-0.10514253475137066,0.061260107162528346,0.13316431448709057
1626870249.8516085,66,1626870249,851536024,world,-0.06650219873356795,-0.0890250774334547,-0.0919221342237786,-0.10514253475137066,0.061260107162528346,0.13316431448709057
1626870249.8766153,67,1626870249,876534860,world,-0.06650219873356795,-0.0890250774334547,-0.0919221342237786,-0.10514253475137066,0.061260107162528346,0.13316431448709057
1626870249.9016035,68,1626870249,901536621,world,-0.06659575710737024,-0.08916354323289233,-0.09188067291981938,-0.10485579554197853,0.06109304406340257,0.1331652113410653
1626870249.926596,69,1626870249,926532694,world,-0.06659575710737024,-0.08916354323289233,-0.09188067291981938,-0.10485579554197853,0.06109304406340257,0.1331652113410653
1626870249.951619,70,1626870249,951539087,world,-0.06659575710737024,-0.08916354323289233,-0.09188067291981938,-0.10485579554197853,0.06109304406340257,0.1331652113410653
1626870249.9766078,71,1626870249,976535236,world,-0.06659575710737024,-0.08916354323289233,-0.09188067291981938,-0.10485579554197853,0.06109304406340257,0.1331652113410653
1626870250.0015945,72,1626870250,1533904,world,-0.06659575710737024,-0.08916354323289233,-0.09188067291981938,-0.10485579554197853,0.06109304406340257,0.1331652113410653
1626870250.026608,73,1626870250,26533313,world,-0.06659575710737024,-0.08916354323289233,-0.09188067291981938,-0.10485579554197853,0.06109304406340257,0.1331652113410653
1626870250.0515924,74,1626870250,51532501,world,-0.06659575710737024,-0.08916354323289233,-0.09188067291981938,-0.10485579554197853,0.06109304406340257,0.1331652113410653
1626870250.0765996,75,1626870250,76531363,world,-0.06659575710737024,-0.08916354323289233,-0.09188067291981938,-0.10485579554197853,0.06109304406340257,0.1331652113410653
1626870250.1015966,76,1626870250,101534229,world,-0.06659575710737024,-0.08916354323289233,-0.09188067291981938,-0.10485579554197853,0.06109304406340257,0.1331652113410653
1626870250.1265824,77,1626870250,126530602,world,-0.06659575710737024,-0.08916354323289233,-0.09188067291981938,-0.10485579554197853,0.06109304406340257,0.1331652113410653
1626870250.1515818,78,1626870250,151532302,world,-0.06659575710737024,-0.08916354323289233,-0.09188067291981938,-0.10485579554197853,0.06109304406340257,0.1331652113410653
1626870250.1765478,79,1626870250,176484738,world,-0.06659575710737024,-0.08916354323289233,-0.09188067291981938,-0.10485579554197853,0.06109304406340257,0.1331652113410653
1626870250.2015927,80,1626870250,201534754,world,-0.06664211753571148,-0.08923215618369579,-0.09182470010276877,-0.10482561224722407,0.06107545885127948,0.1331653055978321
1626870250.2266157,81,1626870250,226538994,world,-0.06664211753571148,-0.08923215618369579,-0.09182470010276877,-0.10482561224722407,0.06107545885127948,0.1331653055978321
1626870250.2516248,82,1626870250,251535248,world,-0.06664211753571148,-0.08923215618369579,-0.09182470010276877,-0.10482561224722407,0.06107545885127948,0.1331653055978321
1626870250.2765973,83,1626870250,276536229,world,-0.06664211753571148,-0.08923215618369579,-0.09182470010276877,-0.10482561224722407,0.06107545885127948,0.1331653055978321
1626870250.3016193,84,1626870250,301534991,world,-0.06664211753571148,-0.08923215618369579,-0.09182470010276877,-0.10482561224722407,0.06107545885127948,0.1331653055978321
1626870250.3266108,85,1626870250,326534311,world,-0.06664211753571148,-0.08923215618369579,-0.09182470010276877,-0.10482561224722407,0.06107545885127948,0.1331653055978321
1626870250.3516016,86,1626870250,351533836,world,-0.06664211753571148,-0.08923215618369579,-0.09182470010276877,-0.10482561224722407,0.06107545885127948,0.1331653055978321
1626870250.3765922,87,1626870250,376532268,world,-0.06664211753571148,-0.08923215618369579,-0.09182470010276877,-0.10482561224722407,0.06107545885127948,0.1331653055978321
1626870250.4015915,88,1626870250,401533268,world,-0.06664211753571148,-0.08923215618369579,-0.09182470010276877,-0.10482561224722407,0.06107545885127948,0.1331653055978321
1626870250.426598,89,1626870250,426532666,world,-0.06663731171890346,-0.08922504360432187,-0.09182664165201349,-0.1048407037839178,0.06108425164730869,0.1331652584676688
1626870250.4516485,90,1626870250,451536607,world,-0.06663731171890346,-0.08922504360432187,-0.09182664165201349,-0.1048407037839178,0.06108425164730869,0.1331652584676688
1626870250.4765902,91,1626870250,476532695,world,-0.06663731171890346,-0.08922504360432187,-0.09182664165201349,-0.1048407037839178,0.06108425164730869,0.1331652584676688
1626870250.5015938,92,1626870250,501531198,world,-0.06663731171890346,-0.08922504360432187,-0.09182664165201349,-0.1048407037839178,0.06108425164730869,0.1331652584676688
1626870250.5265894,93,1626870250,526531505,world,-0.06663731171890346,-0.08922504360432187,-0.09182664165201349,-0.1048407037839178,0.06108425164730869,0.1331652584676688
1626870250.5515888,94,1626870250,551532965,world,-0.06663731171890346,-0.08922504360432187,-0.09182664165201349,-0.1048407037839178,0.06108425164730869,0.1331652584676688
1626870250.5765927,95,1626870250,576531937,world,-0.06663731171890346,-0.08922504360432187,-0.09182664165201349,-0.1048407037839178,0.06108425164730869,0.1331652584676688
1626870250.6015818,96,1626870250,601522604,world,-0.06663731171890346,-0.08922504360432187,-0.09182664165201349,-0.1048407037839178,0.06108425164730869,0.1331652584676688
1626870250.626591,97,1626870250,626531065,world,-0.06695530373233574,-0.08969566965103337,-0.09166429513477792,-0.10404085195975454,0.06061823408087454,0.1331677477621203
1626870250.6515987,98,1626870250,651540252,world,-0.0669504994828267,-0.0896885593913205,-0.09166624644744958,-0.10405594349694328,0.060627026877186956,0.1331677009846767
1626870250.6766288,99,1626870250,676568837,world,-0.0669504994828267,-0.0896885593913205,-0.09166624644744958,-0.10405594349694328,0.060627026877186956,0.1331677009846767
1626870250.70161,100,1626870250,701543784,world,-0.0669504994828267,-0.0896885593913205,-0.09166624644744958,-0.10405594349694328,0.060627026877186956,0.1331677009846767
1626870250.7266147,101,1626870250,726536136,world,-0.0669504994828267,-0.0896885593913205,-0.09166624644744958,-0.10405594349694328,0.060627026877186956,0.1331677009846767
1626870250.7515934,102,1626870250,751535824,world,-0.0669504994828267,-0.0896885593913205,-0.09166624644744958,-0.10405594349694328,0.060627026877186956,0.1331677009846767
1626870250.7765684,103,1626870250,776510224,world,-0.0669504994828267,-0.0896885593913205,-0.09166624644744958,-0.10405594349694328,0.060627026877186956,0.1331677009846767
1626870250.8015487,104,1626870250,801493375,world,-0.0669504994828267,-0.0896885593913205,-0.09166624644744958,-0.10405594349694328,0.060627026877186956,0.1331677009846767
1626870250.8265958,105,1626870250,826532504,world,-0.0669504994828267,-0.0896885593913205,-0.09166624644744958,-0.10405594349694328,0.060627026877186956,0.1331677009846767
1626870250.8515937,106,1626870250,851531982,world,-0.06725465708882263,-0.09013871067525941,-0.09152375950348168,-0.10304481057317642,0.06003790935763151,0.1331708191758336
1626870250.8766227,107,1626870250,876533547,world,-0.06725465708882263,-0.09013871067525941,-0.09152375950348168,-0.10304481057317642,0.06003790935763151,0.1331708191758336
1626870250.901574,108,1626870250,901506408,world,-0.06725465708882263,-0.09013871067525941,-0.09152375950348168,-0.10304481057317642,0.06003790935763151,0.1331708191758336
1626870250.9266424,109,1626870250,926572398,world,-0.06725465708882263,-0.09013871067525941,-0.09152375950348168,-0.10304481057317642,0.06003790935763151,0.1331708191758336
1626870250.9515896,110,1626870250,951532109,world,-0.06725465708882263,-0.09013871067525941,-0.09152375950348168,-0.10304481057317642,0.06003790935763151,0.1331708191758336
1626870250.9765897,111,1626870250,976531089,world,-0.06725465708882263,-0.09013871067525941,-0.09152375950348168,-0.10304481057317642,0.06003790935763151,0.1331708191758336
1626870251.0016084,112,1626870251,1533439,world,-0.06725465708882263,-0.09013871067525941,-0.09152375950348168,-0.10304481057317642,0.06003790935763151,0.1331708191758336
1626870251.0265865,113,1626870251,26519647,world,-0.06725465708882263,-0.09013871067525941,-0.09152375950348168,-0.10304481057317642,0.06003790935763151,0.1331708191758336
1626870251.0516386,114,1626870251,51557226,world,-0.06725465708882263,-0.09013871067525941,-0.09152375950348168,-0.10304481057317642,0.06003790935763151,0.1331708191758336
1626870251.0765932,115,1626870251,76531503,world,-0.0675007421287363,-0.09050291487621567,-0.09139699031807846,-0.10232041664865368,0.05961585527980771,0.1331730347705551
1626870251.1016133,116,1626870251,101538316,world,-0.06749594049102701,-0.0904958084820689,-0.09139895863452496,-0.10233550818690133,0.05962464807675323,0.13317298876633987
1626870251.1265883,117,1626870251,126533324,world,-0.06749594049102701,-0.0904958084820689,-0.09139895863452496,-0.10233550818690133,0.05962464807675323,0.13317298876633987
1626870251.1515875,118,1626870251,151532469,world,-0.06749594049102701,-0.0904958084820689,-0.09139895863452496,-0.10233550818690133,0.05962464807675323,0.13317298876633987
1626870251.1765935,119,1626870251,176531273,world,-0.06749594049102701,-0.0904958084820689,-0.09139895863452496,-0.10233550818690133,0.05962464807675323,0.13317298876633987
1626870251.2023313,120,1626870251,201534691,world,-0.06749594049102701,-0.0904958084820689,-0.09139895863452496,-0.10233550818690133,0.05962464807675323,0.13317298876633987
1626870251.2265935,121,1626870251,226533684,world,-0.06749594049102701,-0.0904958084820689,-0.09139895863452496,-0.10233550818690133,0.05962464807675323,0.13317298876633987
1626870251.25164,122,1626870251,251570857,world,-0.06749594049102701,-0.0904958084820689,-0.09139895863452496,-0.10233550818690133,0.05962464807675323,0.13317298876633987
1626870251.2765977,123,1626870251,276532787,world,-0.06749594049102701,-0.0904958084820689,-0.09139895863452496,-0.10233550818690133,0.05962464807675323,0.13317298876633987
1626870251.3016112,124,1626870251,301534937,world,-0.06749594049102701,-0.0904958084820689,-0.09139895863452496,-0.10233550818690133,0.05962464807675323,0.13317298876633987
1626870251.3265994,125,1626870251,326532128,world,-0.06761268704740565,-0.09066859256449816,-0.09133241019163463,-0.10204876880809964,0.059457585192648085,0.13317386185998611
1626870251.3516178,126,1626870251,351533912,world,-0.06761268704740565,-0.09066859256449816,-0.09133241019163463,-0.10204876880809964,0.059457585192648085,0.13317386185998611
1626870251.376596,127,1626870251,376535251,world,-0.06761268704740565,-0.09066859256449816,-0.09133241019163463,-0.10204876880809964,0.059457585192648085,0.13317386185998611
1626870251.401612,128,1626870251,401535760,world,-0.06761268704740565,-0.09066859256449816,-0.09133241019163463,-0.10204876880809964,0.059457585192648085,0.13317386185998611
1626870251.4266107,129,1626870251,426534361,world,-0.06761268704740565,-0.09066859256449816,-0.09133241019163463,-0.10204876880809964,0.059457585192648085,0.13317386185998611
1626870251.4516013,130,1626870251,451541422,world,-0.06761268704740565,-0.09066859256449816,-0.09133241019163463,-0.10204876880809964,0.059457585192648085,0.13317386185998611
1626870251.4765997,131,1626870251,476537602,world,-0.06761268704740565,-0.09066859256449816,-0.09133241019163463,-0.10204876880809964,0.059457585192648085,0.13317386185998611
1626870251.5015748,132,1626870251,501500682,world,-0.06761268704740565,-0.09066859256449816,-0.09133241019163463,-0.10204876880809964,0.059457585192648085,0.13317386185998611
1626870251.5265968,133,1626870251,526533828,world,-0.06761268704740565,-0.09066859256449816,-0.09133241019163463,-0.10204876880809964,0.059457585192648085,0.13317386185998611
1626870251.5515904,134,1626870251,551530202,world,-0.067794395072072,-0.09093751923715634,-0.09124274554598077,-0.10150547336248565,0.05914104459219658,0.13317550895167765
1626870251.576585,135,1626870251,576522351,world,-0.067794395072072,-0.09093751923715634,-0.09124274554598077,-0.10150547336248565,0.05914104459219658,0.13317550895167765
1626870251.6015527,136,1626870251,601483263,world,-0.067794395072072,-0.09093751923715634,-0.09124274554598077,-0.10150547336248565,0.05914104459219658,0.13317550895167765
1626870251.626594,137,1626870251,626531579,world,-0.067794395072072,-0.09093751923715634,-0.09124274554598077,-0.10150547336248565,0.05914104459219658,0.13317550895167765
1626870251.651594,138,1626870251,651531162,world,-0.067794395072072,-0.09093751923715634,-0.09124274554598077,-0.10150547336248565,0.05914104459219658,0.13317550895167765
1626870251.6765592,139,1626870251,676500585,world,-0.067794395072072,-0.09093751923715634,-0.09124274554598077,-0.10150547336248565,0.05914104459219658,0.13317550895167765
1626870251.7015638,140,1626870251,701489631,world,-0.067794395072072,-0.09093751923715634,-0.09124274554598077,-0.10150547336248565,0.05914104459219658,0.13317550895167765
1626870251.726606,141,1626870251,726539654,world,-0.067794395072072,-0.09093751923715634,-0.09124274554598077,-0.10150547336248565,0.05914104459219658,0.13317550895167765
1626870251.7515988,142,1626870251,751532312,world,-0.067794395072072,-0.09093751923715634,-0.09124274554598077,-0.10150547336248565,0.05914104459219658,0.13317550895167765
1626870251.776541,143,1626870251,776483647,world,-0.067794395072072,-0.09093751923715634,-0.09124274554598077,-0.10150547336248565,0.05914104459219658,0.13317550895167765
1626870251.8015885,144,1626870251,801534531,world,-0.067794395072072,-0.09093751923715634,-0.09124274554598077,-0.10150547336248565,0.05914104459219658,0.13317550895167765
1626870251.8265865,145,1626870251,826532579,world,-0.06799453897547877,-0.09123373081486597,-0.09113030651887821,-0.10093199477033712,0.05880691848639485,0.13317723787272687
1626870251.8516572,146,1626870251,851537155,world,-0.06799453897547877,-0.09123373081486597,-0.09113030651887821,-0.10093199477033712,0.05880691848639485,0.13317723787272687
1626870251.876553,147,1626870251,876487562,world,-0.06799453897547877,-0.09123373081486597,-0.09113030651887821,-0.10093199477033712,0.05880691848639485,0.13317723787272687
1626870251.9016058,148,1626870251,901535096,world,-0.06799453897547877,-0.09123373081486597,-0.09113030651887821,-0.10093199477033712,0.05880691848639485,0.13317723787272687
1626870251.9265983,149,1626870251,926532851,world,-0.06799453897547877,-0.09123373081486597,-0.09113030651887821,-0.10093199477033712,0.05880691848639485,0.13317723787272687
1626870251.9516106,150,1626870251,951534726,world,-0.06799453897547877,-0.09123373081486597,-0.09113030651887821,-0.10093199477033712,0.05880691848639485,0.13317723787272687
1626870251.9765985,151,1626870251,976531138,world,-0.06799453897547877,-0.09123373081486597,-0.09113030651887821,-0.10093199477033712,0.05880691848639485,0.13317723787272687
1626870252.0015936,152,1626870252,1521444,world,-0.06799453897547877,-0.09123373081486597,-0.09113030651887821,-0.10093199477033712,0.05880691848639485,0.13317723787272687
1626870252.026597,153,1626870252,26532626,world,-0.06799453897547877,-0.09123373081486597,-0.09113030651887821,-0.10093199477033712,0.05880691848639485,0.13317723787272687
1626870252.0516021,154,1626870252,51532407,world,-0.068266956202116,-0.09163690650000833,-0.090995050516961,-0.100117051561136,0.05833210756125871,0.13317967811154133
1626870252.0766408,155,1626870252,76535827,world,-0.068266956202116,-0.09163690650000833,-0.090995050516961,-0.100117051561136,0.05833210756125871,0.13317967811154133
1626870252.1015787,156,1626870252,101508287,world,-0.068266956202116,-0.09163690650000833,-0.090995050516961,-0.100117051561136,0.05833210756125871,0.13317967811154133
1626870252.1266065,157,1626870252,126536358,world,-0.068266956202116,-0.09163690650000833,-0.090995050516961,-0.100117051561136,0.05833210756125871,0.13317967811154133
1626870252.1516335,158,1626870252,151533105,world,-0.068266956202116,-0.09163690650000833,-0.090995050516961,-0.100117051561136,0.05833210756125871,0.13317967811154133
1626870252.176588,159,1626870252,176531649,world,-0.068266956202116,-0.09163690650000833,-0.090995050516961,-0.100117051561136,0.05833210756125871,0.13317967811154133
1626870252.2015982,160,1626870252,201533912,world,-0.068266956202116,-0.09163690650000833,-0.090995050516961,-0.100117051561136,0.05833210756125871,0.13317967811154133
1626870252.2265959,161,1626870252,226533298,world,-0.068266956202116,-0.09163690650000833,-0.090995050516961,-0.100117051561136,0.05833210756125871,0.13317967811154133
1626870252.251593,162,1626870252,251534525,world,-0.068266956202116,-0.09163690650000833,-0.090995050516961,-0.100117051561136,0.05833210756125871,0.13317967811154133
1626870252.2765896,163,1626870252,276532245,world,-0.06847729944221537,-0.09194821310784204,-0.0908926209696086,-0.09948320683408757,0.057962810148095095,0.1331815624267782
1626870252.3015988,164,1626870252,301534651,world,-0.06847729944221537,-0.09194821310784204,-0.0908926209696086,-0.09948320683408757,0.057962810148095095,0.1331815624267782
1626870252.3265955,165,1626870252,326532277,world,-0.06847729944221537,-0.09194821310784204,-0.0908926209696086,-0.09948320683408757,0.057962810148095095,0.1331815624267782
1626870252.3516018,166,1626870252,351539480,world,-0.06847729944221537,-0.09194821310784204,-0.0908926209696086,-0.09948320683408757,0.057962810148095095,0.1331815624267782
1626870252.3765905,167,1626870252,376532482,world,-0.06847729944221537,-0.09194821310784204,-0.0908926209696086,-0.09948320683408757,0.057962810148095095,0.1331815624267782
1626870252.4015996,168,1626870252,401501787,world,-0.06847729944221537,-0.09194821310784204,-0.0908926209696086,-0.09948320683408757,0.057962810148095095,0.1331815624267782
1626870252.4266052,169,1626870252,426542875,world,-0.06847729944221537,-0.09194821310784204,-0.0908926209696086,-0.09948320683408757,0.057962810148095095,0.1331815624267782
1626870252.4516006,170,1626870252,451532688,world,-0.06847729944221537,-0.09194821310784204,-0.0908926209696086,-0.09948320683408757,0.057962810148095095,0.1331815624267782
1626870252.4766037,171,1626870252,476531878,world,-0.06847729944221537,-0.09194821310784204,-0.0908926209696086,-0.09948320683408757,0.057962810148095095,0.1331815624267782
1626870252.5016034,172,1626870252,501534925,world,-0.068530061958132,-0.09202630130303799,-0.09087062473887464,-0.09931719989392467,0.05786608937020517,0.13318205399967575
1626870252.5265956,173,1626870252,526532428,world,-0.068530061958132,-0.09202630130303799,-0.09087062473887464,-0.09931719989392467,0.05786608937020517,0.13318205399967575
1626870252.5515995,174,1626870252,551531149,world,-0.068530061958132,-0.09202630130303799,-0.09087062473887464,-0.09931719989392467,0.05786608937020517,0.13318205399967575
1626870252.5765865,175,1626870252,576531238,world,-0.068530061958132,-0.09202630130303799,-0.09087062473887464,-0.09931719989392467,0.05786608937020517,0.13318205399967575
1626870252.601589,176,1626870252,601532419,world,-0.068530061958132,-0.09202630130303799,-0.09087062473887464,-0.09931719989392467,0.05786608937020517,0.13318205399967575
1626870252.6265967,177,1626870252,626533055,world,-0.068530061958132,-0.09202630130303799,-0.09087062473887464,-0.09931719989392467,0.05786608937020517,0.13318205399967575
1626870252.65159,178,1626870252,651533650,world,-0.068530061958132,-0.09202630130303799,-0.09087062473887464,-0.09931719989392467,0.05786608937020517,0.13318205399967575
1626870252.676607,179,1626870252,676534504,world,-0.068530061958132,-0.09202630130303799,-0.09087062473887464,-0.09931719989392467,0.05786608937020517,0.13318205399967575
1626870252.701607,180,1626870252,701533271,world,-0.068530061958132,-0.09202630130303799,-0.09087062473887464,-0.09931719989392467,0.05786608937020517,0.13318205399967575
1626870252.7266054,181,1626870252,726534603,world,-0.06860126651336307,-0.09213168352169662,-0.09082597615873778,-0.099121009815921,0.05775178309195459,0.13318263374351091
1626870252.751605,182,1626870252,751532419,world,-0.06860126651336307,-0.09213168352169662,-0.09082597615873778,-0.099121009815921,0.05775178309195459,0.13318263374351091
1626870252.776568,183,1626870252,776496531,world,-0.06860126651336307,-0.09213168352169662,-0.09082597615873778,-0.099121009815921,0.05775178309195459,0.13318263374351091
1626870252.8016028,184,1626870252,801534450,world,-0.06860126651336307,-0.09213168352169662,-0.09082597615873778,-0.099121009815921,0.05775178309195459,0.13318263374351091
1626870252.8265977,185,1626870252,826532537,world,-0.06860126651336307,-0.09213168352169662,-0.09082597615873778,-0.099121009815921,0.05775178309195459,0.13318263374351091
1626870252.851579,186,1626870252,851513905,world,-0.06860126651336307,-0.09213168352169662,-0.09082597615873778,-0.099121009815921,0.05775178309195459,0.13318263374351091
1626870252.8766139,187,1626870252,876535042,world,-0.06860126651336307,-0.09213168352169662,-0.09082597615873778,-0.099121009815921,0.05775178309195459,0.13318263374351091
1626870252.9016082,188,1626870252,901535110,world,-0.06860126651336307,-0.09213168352169662,-0.09082597615873778,-0.099121009815921,0.05775178309195459,0.13318263374351091
1626870252.9266016,189,1626870252,926532746,world,-0.06860126651336307,-0.09213168352169662,-0.09082597615873778,-0.099121009815921,0.05775178309195459,0.13318263374351091
1626870252.951612,190,1626870252,951533167,world,-0.06860126651336307,-0.09213168352169662,-0.09082597615873778,-0.099121009815921,0.05775178309195459,0.13318263374351091
1626870252.9765701,191,1626870252,976501285,world,-0.06860126651336307,-0.09213168352169662,-0.09082597615873778,-0.099121009815921,0.05775178309195459,0.13318263374351091
1626870253.0015972,192,1626870253,1534001,world,-0.06862487586610312,-0.09216662517682264,-0.09080864834457536,-0.09906064362692658,0.057716611947774075,0.13318281186718015
1626870253.026603,193,1626870253,26534959,world,-0.06862487586610312,-0.09216662517682264,-0.09080864834457536,-0.09906064362692658,0.057716611947774075,0.13318281186718015
1626870253.0516036,194,1626870253,51540623,world,-0.06862487586610312,-0.09216662517682264,-0.09080864834457536,-0.09906064362692658,0.057716611947774075,0.13318281186718015
1626870253.0766077,195,1626870253,76535537,world,-0.06862487586610312,-0.09216662517682264,-0.09080864834457536,-0.09906064362692658,0.057716611947774075,0.13318281186718015
1626870253.1016092,196,1626870253,101533860,world,-0.06862487586610312,-0.09216662517682264,-0.09080864834457536,-0.09906064362692658,0.057716611947774075,0.13318281186718015
1626870253.126616,197,1626870253,126532682,world,-0.06862487586610312,-0.09216662517682264,-0.09080864834457536,-0.09906064362692658,0.057716611947774075,0.13318281186718015
1626870253.151639,198,1626870253,151569390,world,-0.06862487586610312,-0.09216662517682264,-0.09080864834457536,-0.09906064362692658,0.057716611947774075,0.13318281186718015
1626870253.176586,199,1626870253,176531500,world,-0.06862487586610312,-0.09216662517682264,-0.09080864834457536,-0.09906064362692658,0.057716611947774075,0.13318281186718015
1626870253.201596,200,1626870253,201532320,world,-0.06862487586610312,-0.09216662517682264,-0.09080864834457536,-0.09906064362692658,0.057716611947774075,0.13318281186718015
1626870253.226716,201,1626870253,226642863,world,-0.0688742350884853,-0.09253567527130449,-0.09070426757570793,-0.0982758835236237,0.05725938643894036,0.1331851185621982
1626870253.251615,202,1626870253,251534439,world,-0.06884067059149351,-0.09248600002517929,-0.09071834237758858,-0.09838152430816491,0.05732093602749288,0.13318480911370476
1626870253.2765985,203,1626870253,276535354,world,-0.06884067059149351,-0.09248600002517929,-0.09071834237758858,-0.09838152430816491,0.05732093602749288,0.13318480911370476
1626870253.301582,204,1626870253,301510157,world,-0.06884067059149351,-0.09248600002517929,-0.09071834237758858,-0.09838152430816491,0.05732093602749288,0.13318480911370476
1626870253.3265965,205,1626870253,326532594,world,-0.06884067059149351,-0.09248600002517929,-0.09071834237758858,-0.09838152430816491,0.05732093602749288,0.13318480911370476
1626870253.3515978,206,1626870253,351530468,world,-0.06884067059149351,-0.09248600002517929,-0.09071834237758858,-0.09838152430816491,0.05732093602749288,0.13318480911370476
1626870253.3765795,207,1626870253,376516199,world,-0.06884067059149351,-0.09248600002517929,-0.09071834237758858,-0.09838152430816491,0.05732093602749288,0.13318480911370476
1626870253.4015927,208,1626870253,401539080,world,-0.06884067059149351,-0.09248600002517929,-0.09071834237758858,-0.09838152430816491,0.05732093602749288,0.13318480911370476
1626870253.4265952,209,1626870253,426533112,world,-0.06884067059149351,-0.09248600002517929,-0.09071834237758858,-0.09838152430816491,0.05732093602749288,0.13318480911370476
1626870253.4515991,210,1626870253,451532605,world,-0.06884067059149351,-0.09248600002517929,-0.09071834237758858,-0.09838152430816491,0.05732093602749288,0.13318480911370476
1626870253.4766045,211,1626870253,476533133,world,-0.06905163142126093,-0.09279822073612157,-0.09062975052500089,-0.09771749651239395,0.056934052895205665,0.13318674869814628
1626870253.5016167,212,1626870253,501534199,world,-0.06905163142126093,-0.09279822073612157,-0.09062975052500089,-0.09771749651239395,0.056934052895205665,0.13318674869814628
1626870253.5265982,213,1626870253,526533162,world,-0.06905163142126093,-0.09279822073612157,-0.09062975052500089,-0.09771749651239395,0.056934052895205665,0.13318674869814628
1626870253.551623,214,1626870253,551531495,world,-0.06905163142126093,-0.09279822073612157,-0.09062975052500089,-0.09771749651239395,0.056934052895205665,0.13318674869814628
1626870253.5765789,215,1626870253,576511283,world,-0.06905163142126093,-0.09279822073612157,-0.09062975052500089,-0.09771749651239395,0.056934052895205665,0.13318674869814628
1626870253.6016076,216,1626870253,601533857,world,-0.06905163142126093,-0.09279822073612157,-0.09062975052500089,-0.09771749651239395,0.056934052895205665,0.13318674869814628
1626870253.6265807,217,1626870253,626505982,world,-0.06905163142126093,-0.09279822073612157,-0.09062975052500089,-0.09771749651239395,0.056934052895205665,0.13318674869814628
1626870253.651596,218,1626870253,651532913,world,-0.06905163142126093,-0.09279822073612157,-0.09062975052500089,-0.09771749651239395,0.056934052895205665,0.13318674869814628
1626870253.6766593,219,1626870253,676540045,world,-0.06905163142126093,-0.09279822073612157,-0.09062975052500089,-0.09771749651239395,0.056934052895205665,0.13318674869814628
1626870253.701622,220,1626870253,701546723,world,-0.06903724893882511,-0.0927769347519759,-0.09063580007062133,-0.09776277113537765,0.05696043129090888,0.13318661687083075
1626870253.7265887,221,1626870253,726493191,world,-0.06903724893882511,-0.0927769347519759,-0.09063580007062133,-0.09776277113537765,0.05696043129090888,0.13318661687083075
1626870253.7516143,222,1626870253,751541513,world,-0.06903724893882511,-0.0927769347519759,-0.09063580007062133,-0.09776277113537765,0.05696043129090888,0.13318661687083075
1626870253.77659,223,1626870253,776531920,world,-0.06903724893882511,-0.0927769347519759,-0.09063580007062133,-0.09776277113537765,0.05696043129090888,0.13318661687083075
1626870253.8016238,224,1626870253,801553353,world,-0.06903724893882511,-0.0927769347519759,-0.09063580007062133,-0.09776277113537765,0.05696043129090888,0.13318661687083075
1626870253.8266096,225,1626870253,826534678,world,-0.06903724893882511,-0.0927769347519759,-0.09063580007062133,-0.09776277113537765,0.05696043129090888,0.13318661687083075
1626870253.8516047,226,1626870253,851536053,world,-0.06903724893882511,-0.0927769347519759,-0.09063580007062133,-0.09776277113537765,0.05696043129090888,0.13318661687083075
1626870253.8766034,227,1626870253,876534118,world,-0.06903724893882511,-0.0927769347519759,-0.09063580007062133,-0.09776277113537765,0.05696043129090888,0.13318661687083075
1626870253.9015653,228,1626870253,901500662,world,-0.06903724893882511,-0.0927769347519759,-0.09063580007062133,-0.09776277113537765,0.05696043129090888,0.13318661687083075
1626870253.9265897,229,1626870253,926533535,world,-0.06908998384059173,-0.0928549820770663,-0.09061361182739991,-0.0975967641840481,0.05686371050643527,0.1331870999392598
1626870253.9515483,230,1626870253,951497133,world,-0.06908998384059173,-0.0928549820770663,-0.09061361182739991,-0.0975967641840481,0.05686371050643527,0.1331870999392598
1626870253.9766424,231,1626870253,976548796,world,-0.06908998384059173,-0.0928549820770663,-0.09061361182739991,-0.0975967641840481,0.05686371050643527,0.1331870999392598
1626870254.0015936,232,1626870254,1534646,world,-0.06908998384059173,-0.0928549820770663,-0.09061361182739991,-0.0975967641840481,0.05686371050643527,0.1331870999392598
1626870254.0265965,233,1626870254,26533748,world,-0.06908998384059173,-0.0928549820770663,-0.09061361182739991,-0.0975967641840481,0.05686371050643527,0.1331870999392598
1626870254.0515919,234,1626870254,51534655,world,-0.06908998384059173,-0.0928549820770663,-0.09061361182739991,-0.0975967641840481,0.05686371050643527,0.1331870999392598
1626870254.076599,235,1626870254,76502514,world,-0.06908998384059173,-0.0928549820770663,-0.09061361182739991,-0.0975967641840481,0.05686371050643527,0.1331870999392598
1626870254.1015646,236,1626870254,101486584,world,-0.06908998384059173,-0.0928549820770663,-0.09061361182739991,-0.0975967641840481,0.05686371050643527,0.1331870999392598
1626870254.1266036,237,1626870254,126544318,world,-0.06908998384059173,-0.0928549820770663,-0.09061361182739991,-0.0975967641840481,0.05686371050643527,0.1331870999392598
1626870254.1515436,238,1626870254,151493005,world,-0.0694830232481147,-0.093436677940272,-0.09044763876456807,-0.09635925778604935,0.05614270100247729,0.13319067513647315
1626870254.176593,239,1626870254,176530838,world,-0.06947823088638161,-0.09342958527494294,-0.0904496688776566,-0.09637434932784295,0.056151493801514366,0.13319063181116014
1626870254.2015953,240,1626870254,201533662,world,-0.06947823088638161,-0.09342958527494294,-0.0904496688776566,-0.09637434932784295,0.056151493801514366,0.13319063181116014
1626870254.2266223,241,1626870254,226528232,world,-0.06947823088638161,-0.09342958527494294,-0.0904496688776566,-0.09637434932784295,0.056151493801514366,0.13319063181116014
1626870254.2515907,242,1626870254,251531818,world,-0.06947823088638161,-0.09342958527494294,-0.0904496688776566,-0.09637434932784295,0.056151493801514366,0.13319063181116014
1626870254.2765865,243,1626870254,276532690,world,-0.06947823088638161,-0.09342958527494294,-0.0904496688776566,-0.09637434932784295,0.056151493801514366,0.13319063181116014
1626870254.3016078,244,1626870254,301537247,world,-0.06947823088638161,-0.09342958527494294,-0.0904496688776566,-0.09637434932784295,0.056151493801514366,0.13319063181116014
1626870254.326603,245,1626870254,326535525,world,-0.06947823088638161,-0.09342958527494294,-0.0904496688776566,-0.09637434932784295,0.056151493801514366,0.13319063181116014
1626870254.3516037,246,1626870254,351537078,world,-0.06947823088638161,-0.09342958527494294,-0.0904496688776566,-0.09637434932784295,0.056151493801514366,0.13319063181116014
1626870254.376593,247,1626870254,376531548,world,-0.06953094577415529,-0.09350760297840155,-0.09042732941684384,-0.0962083423676344,0.05605477301182529,0.1331911080166258
1626870254.4015927,248,1626870254,401532605,world,-0.06953094577415529,-0.09350760297840155,-0.09042732941684384,-0.0962083423676344,0.05605477301182529,0.1331911080166258
1626870254.426595,249,1626870254,426532783,world,-0.06953094577415529,-0.09350760297840155,-0.09042732941684384,-0.0962083423676344,0.05605477301182529,0.1331911080166258
1626870254.4515705,250,1626870254,451496223,world,-0.06953094577415529,-0.09350760297840155,-0.09042732941684384,-0.0962083423676344,0.05605477301182529,0.1331911080166258
1626870254.4766085,251,1626870254,476541726,world,-0.06953094577415529,-0.09350760297840155,-0.09042732941684384,-0.0962083423676344,0.05605477301182529,0.1331911080166258
1626870254.5016172,252,1626870254,501534006,world,-0.06953094577415529,-0.09350760297840155,-0.09042732941684384,-0.0962083423676344,0.05605477301182529,0.1331911080166258
1626870254.5266106,253,1626870254,526536457,world,-0.06953094577415529,-0.09350760297840155,-0.09042732941684384,-0.0962083423676344,0.05605477301182529,0.1331911080166258
1626870254.5516043,254,1626870254,551537580,world,-0.06953094577415529,-0.09350760297840155,-0.09042732941684384,-0.0962083423676344,0.05605477301182529,0.1331911080166258
1626870254.5765905,255,1626870254,576531205,world,-0.06953094577415529,-0.09350760297840155,-0.09042732941684384,-0.0962083423676344,0.05605477301182529,0.1331911080166258
1626870254.601575,256,1626870254,601507226,world,-0.06953094577415529,-0.09350760297840155,-0.09042732941684384,-0.0962083423676344,0.05605477301182529,0.1331911080166258
1626870254.6265912,257,1626870254,626531455,world,-0.06953094577415529,-0.09350760297840155,-0.09042732941684384,-0.0962083423676344,0.05605477301182529,0.1331911080166258
1626870254.6515846,258,1626870254,651532533,world,-0.06953094577415529,-0.09350760297840155,-0.09042732941684384,-0.0962083423676344,0.05605477301182529,0.1331911080166258
1626870254.6765926,259,1626870254,676532697,world,-0.06992383547432814,-0.09408907726785676,-0.09026022931234667,-0.09497083590393143,0.05533376346927249,0.13319463205449125
1626870254.7016091,260,1626870254,701536720,world,-0.06992383547432814,-0.09408907726785676,-0.09026022931234667,-0.09497083590393143,0.05533376346927249,0.13319463205449125
1626870254.7265902,261,1626870254,726531687,world,-0.06992383547432814,-0.09408907726785676,-0.09026022931234667,-0.09497083590393143,0.05533376346927249,0.13319463205449125
1626870254.7516022,262,1626870254,751541924,world,-0.06992383547432814,-0.09408907726785676,-0.09026022931234667,-0.09497083590393143,0.05533376346927249,0.13319463205449125
1626870254.7765853,263,1626870254,776532869,world,-0.06992383547432814,-0.09408907726785676,-0.09026022931234667,-0.09497083590393143,0.05533376346927249,0.13319463205449125
1626870254.8015547,264,1626870254,801487534,world,-0.06992383547432814,-0.09408907726785676,-0.09026022931234667,-0.09497083590393143,0.05533376346927249,0.13319463205449125
1626870254.8265903,265,1626870254,826534047,world,-0.06992383547432814,-0.09408907726785676,-0.09026022931234667,-0.09497083590393143,0.05533376346927249,0.13319463205449125
1626870254.8516214,266,1626870254,851516684,world,-0.06992383547432814,-0.09408907726785676,-0.09026022931234667,-0.09497083590393143,0.05533376346927249,0.13319463205449125
1626870254.87663,267,1626870254,876570688,world,-0.06992383547432814,-0.09408907726785676,-0.09026022931234667,-0.09497083590393143,0.05533376346927249,0.13319463205449125
1626870254.9015942,268,1626870254,901533873,world,-0.06992383547432814,-0.09408907726785676,-0.09026022931234667,-0.09497083590393143,0.05533376346927249,0.13319463205449125
1626870254.9265916,269,1626870254,926532707,world,-0.07012501970699779,-0.09438682866635426,-0.09017425254633027,-0.09433699110742244,0.05496446588552784,0.13319641939107088
1626870254.9515967,270,1626870254,951531858,world,-0.07012501970699779,-0.09438682866635426,-0.09017425254633027,-0.09433699110742244,0.05496446588552784,0.13319641939107088
1626870254.9765534,271,1626870254,976498269,world,-0.07012501970699779,-0.09438682866635426,-0.09017425254633027,-0.09433699110742244,0.05496446588552784,0.13319641939107088
1626870255.0015953,272,1626870255,1531439,world,-0.07012501970699779,-0.09438682866635426,-0.09017425254633027,-0.09433699110742244,0.05496446588552784,0.13319641939107088
1626870255.0265949,273,1626870255,26533913,world,-0.07012501970699779,-0.09438682866635426,-0.09017425254633027,-0.09433699110742244,0.05496446588552784,0.13319641939107088
1626870255.0515594,274,1626870255,51502176,world,-0.07012501970699779,-0.09438682866635426,-0.09017425254633027,-0.09433699110742244,0.05496446588552784,0.13319641939107088
1626870255.0765889,275,1626870255,76531648,world,-0.07012501970699779,-0.09438682866635426,-0.09017425254633027,-0.09433699110742244,0.05496446588552784,0.13319641939107088
1626870255.1016023,276,1626870255,101525799,world,-0.07012501970699779,-0.09438682866635426,-0.09017425254633027,-0.09433699110742244,0.05496446588552784,0.13319641939107088
1626870255.1265879,277,1626870255,126522026,world,-0.07012501970699779,-0.09438682866635426,-0.09017425254633027,-0.09433699110742244,0.05496446588552784,0.13319641939107088
1626870255.1515942,278,1626870255,151532928,world,-0.07015854697973238,-0.09443644881886987,-0.09015989747645192,-0.09423135030653756,0.05490291628737537,0.13319671611753311
1626870255.1765969,279,1626870255,176535924,world,-0.07015854697973238,-0.09443644881886987,-0.09015989747645192,-0.09423135030653756,0.05490291628737537,0.13319671611753311
1626870255.2015872,280,1626870255,201532238,world,-0.07015854697973238,-0.09443644881886987,-0.09015989747645192,-0.09423135030653756,0.05490291628737537,0.13319671611753311
1626870255.2266247,281,1626870255,226531812,world,-0.07015854697973238,-0.09443644881886987,-0.09015989747645192,-0.09423135030653756,0.05490291628737537,0.13319671611753311
1626870255.2516098,282,1626870255,251534182,world,-0.07015854697973238,-0.09443644881886987,-0.09015989747645192,-0.09423135030653756,0.05490291628737537,0.13319671611753311
1626870255.2765918,283,1626870255,276533727,world,-0.07015854697973238,-0.09443644881886987,-0.09015989747645192,-0.09423135030653756,0.05490291628737537,0.13319671611753311
1626870255.3015788,284,1626870255,301508019,world,-0.07015854697973238,-0.09443644881886987,-0.09015989747645192,-0.09423135030653756,0.05490291628737537,0.13319671611753311
1626870255.3265932,285,1626870255,326531267,world,-0.07015854697973238,-0.09443644881886987,-0.09015989747645192,-0.09423135030653756,0.05490291628737537,0.13319671611753311
1626870255.3516748,286,1626870255,351525372,world,-0.07015854697973238,-0.09443644881886987,-0.09015989747645192,-0.09423135030653756,0.05490291628737537,0.13319671611753311
1626870255.3765965,287,1626870255,376531780,world,-0.07042194133803713,-0.09482627080871847,-0.09004685308309623,-0.09340131542795196,0.05441931229337833,0.13319903597801414
1626870255.401603,288,1626870255,401534897,world,-0.07042194133803713,-0.09482627080871847,-0.09004685308309623,-0.09340131542795196,0.05441931229337833,0.13319903597801414
1626870255.4266255,289,1626870255,426537118,world,-0.07042194133803713,-0.09482627080871847,-0.09004685308309623,-0.09340131542795196,0.05441931229337833,0.13319903597801414
1626870255.4515927,290,1626870255,451533395,world,-0.07042194133803713,-0.09482627080871847,-0.09004685308309623,-0.09340131542795196,0.05441931229337833,0.13319903597801414
1626870255.4765952,291,1626870255,476532672,world,-0.07042194133803713,-0.09482627080871847,-0.09004685308309623,-0.09340131542795196,0.05441931229337833,0.13319903597801414
1626870255.5015953,292,1626870255,501532401,world,-0.07042194133803713,-0.09482627080871847,-0.09004685308309623,-0.09340131542795196,0.05441931229337833,0.13319903597801414
1626870255.526599,293,1626870255,526541322,world,-0.07042194133803713,-0.09482627080871847,-0.09004685308309623,-0.09340131542795196,0.05441931229337833,0.13319903597801414
1626870255.5515597,294,1626870255,551494649,world,-0.07042194133803713,-0.09482627080871847,-0.09004685308309623,-0.09340131542795196,0.05441931229337833,0.13319903597801414
1626870255.5766,295,1626870255,576532878,world,-0.07042194133803713,-0.09482627080871847,-0.09004685308309623,-0.09340131542795196,0.05441931229337833,0.13319903597801414
1626870255.6015954,296,1626870255,601534325,world,-0.07042194133803713,-0.09482627080871847,-0.09004685308309623,-0.09340131542795196,0.05441931229337833,0.13319903597801414
1626870255.6265934,297,1626870255,626534221,world,-0.07042194133803713,-0.09482627080871847,-0.09004685308309623,-0.09340131542795196,0.05441931229337833,0.13319903597801414
1626870255.651594,298,1626870255,651539675,world,-0.07041715289229757,-0.09481918393923833,-0.09004891246649227,-0.09341640697142761,0.05442810509340337,0.13319899398182
1626870255.6766047,299,1626870255,676546078,world,-0.07041715289229757,-0.09481918393923833,-0.09004891246649227,-0.09341640697142761,0.05442810509340337,0.13319899398182
1626870255.7016077,300,1626870255,701537800,world,-0.07041715289229757,-0.09481918393923833,-0.09004891246649227,-0.09341640697142761,0.05442810509340337,0.13319899398182
1626870255.7266006,301,1626870255,726534665,world,-0.07041715289229757,-0.09481918393923833,-0.09004891246649227,-0.09341640697142761,0.05442810509340337,0.13319899398182
1626870255.7516057,302,1626870255,751537484,world,-0.07041715289229757,-0.09481918393923833,-0.09004891246649227,-0.09341640697142761,0.05442810509340337,0.13319899398182
1626870255.776599,303,1626870255,776535974,world,-0.07041715289229757,-0.09481918393923833,-0.09004891246649227,-0.09341640697142761,0.05442810509340337,0.13319899398182
1626870255.8016403,304,1626870255,801550049,world,-0.07041715289229757,-0.09481918393923833,-0.09004891246649227,-0.09341640697142761,0.05442810509340337,0.13319899398182
1626870255.8265963,305,1626870255,826536014,world,-0.07041715289229757,-0.09481918393923833,-0.09004891246649227,-0.09341640697142761,0.05442810509340337,0.13319899398182
1626870255.851628,306,1626870255,851535661,world,-0.07041715289229757,-0.09481918393923833,-0.09004891246649227,-0.09341640697142761,0.05442810509340337,0.13319899398182
1626870255.876603,307,1626870255,876543194,world,-0.07070921120432891,-0.09525142839630199,-0.08992301692539217,-0.09249582280399271,0.05389174428280678,0.13320154334058212
1626870255.9016082,308,1626870255,901532211,world,-0.07070442396856728,-0.09524434331764378,-0.08992508526428411,-0.0925109143479728,0.05390053708312844,0.13320150175124174
1626870255.9266026,309,1626870255,926531417,world,-0.07070442396856728,-0.09524434331764378,-0.08992508526428411,-0.0925109143479728,0.05390053708312844,0.13320150175124174
1626870255.9516134,310,1626870255,951534437,world,-0.07070442396856728,-0.09524434331764378,-0.08992508526428411,-0.0925109143479728,0.05390053708312844,0.13320150175124174
1626870255.9765942,311,1626870255,976535431,world,-0.07070442396856728,-0.09524434331764378,-0.08992508526428411,-0.0925109143479728,0.05390053708312844,0.13320150175124174
1626870256.001599,312,1626870256,1533300,world,-0.07070442396856728,-0.09524434331764378,-0.08992508526428411,-0.0925109143479728,0.05390053708312844,0.13320150175124174
1626870256.0265992,313,1626870256,26533497,world,-0.07070442396856728,-0.09524434331764378,-0.08992508526428411,-0.0925109143479728,0.05390053708312844,0.13320150175124174
1626870256.0516028,314,1626870256,51534702,world,-0.07070442396856728,-0.09524434331764378,-0.08992508526428411,-0.0925109143479728,0.05390053708312844,0.13320150175124174
1626870256.076597,315,1626870256,76534185,world,-0.07070442396856728,-0.09524434331764378,-0.08992508526428411,-0.0925109143479728,0.05390053708312844,0.13320150175124174
1626870256.101583,316,1626870256,101510266,world,-0.07076186946347394,-0.09532936228681815,-0.08990025534793822,-0.09232981581965774,0.053795023478944,0.13320200037579555
1626870256.1265988,317,1626870256,126536308,world,-0.07076186946347394,-0.09532936228681815,-0.08990025534793822,-0.09232981581965774,0.053795023478944,0.13320200037579555
1626870256.1515992,318,1626870256,151534254,world,-0.07076186946347394,-0.09532936228681815,-0.08990025534793822,-0.09232981581965774,0.053795023478944,0.13320200037579555
1626870256.1766007,319,1626870256,176534890,world,-0.07076186946347394,-0.09532936228681815,-0.08990025534793822,-0.09232981581965774,0.053795023478944,0.13320200037579555
1626870256.2016642,320,1626870256,201517359,world,-0.07076186946347394,-0.09532936228681815,-0.08990025534793822,-0.09232981581965774,0.053795023478944,0.13320200037579555
1626870256.2266095,321,1626870256,226546290,world,-0.07076186946347394,-0.09532936228681815,-0.08990025534793822,-0.09232981581965774,0.053795023478944,0.13320200037579555
1626870256.2516005,322,1626870256,251533377,world,-0.07076186946347394,-0.09532936228681815,-0.08990025534793822,-0.09232981581965774,0.053795023478944,0.13320200037579555
1626870256.2766027,323,1626870256,276533624,world,-0.07076186946347394,-0.09532936228681815,-0.08990025534793822,-0.09232981581965774,0.053795023478944,0.13320200037579555
1626870256.3016233,324,1626870256,301535515,world,-0.07076186946347394,-0.09532936228681815,-0.08990025534793822,-0.09232981581965774,0.053795023478944,0.13320200037579555
1626870256.326594,325,1626870256,326532501,world,-0.07076186946347394,-0.09532936228681815,-0.08990025534793822,-0.09232981581965774,0.053795023478944,0.13320200037579555
1626870256.3515816,326,1626870256,351499390,world,-0.07114955024345529,-0.09590312738557966,-0.08973209138443394,-0.0911074007221957,0.05308280663228542,0.13320534055191954
1626870256.376591,327,1626870256,376532551,world,-0.07113997948257952,-0.09588896272018765,-0.08973625536774055,-0.09113758381167558,0.05310039223382171,0.13320525861410673
1626870256.4015906,328,1626870256,401533138,world,-0.07113997948257952,-0.09588896272018765,-0.08973625536774055,-0.09113758381167558,0.05310039223382171,0.13320525861410673
1626870256.4266007,329,1626870256,426532038,world,-0.07113997948257952,-0.09588896272018765,-0.08973625536774055,-0.09113758381167558,0.05310039223382171,0.13320525861410673
1626870256.4516659,330,1626870256,451535642,world,-0.07113997948257952,-0.09588896272018765,-0.08973625536774055,-0.09113758381167558,0.05310039223382171,0.13320525861410673
1626870256.4765892,331,1626870256,476532612,world,-0.07113997948257952,-0.09588896272018765,-0.08973625536774055,-0.09113758381167558,0.05310039223382171,0.13320525861410673
1626870256.501579,332,1626870256,501509918,world,-0.07113997948257952,-0.09588896272018765,-0.08973625536774055,-0.09113758381167558,0.05310039223382171,0.13320525861410673
1626870256.5265782,333,1626870256,526518301,world,-0.07113997948257952,-0.09588896272018765,-0.08973625536774055,-0.09113758381167558,0.05310039223382171,0.13320525861410673
1626870256.5516376,334,1626870256,551532729,world,-0.07113997948257952,-0.09588896272018765,-0.08973625536774055,-0.09113758381167558,0.05310039223382171,0.13320525861410673
1626870256.576604,335,1626870256,576532187,world,-0.07113997948257952,-0.09588896272018765,-0.08973625536774055,-0.09113758381167558,0.05310039223382171,0.13320525861410673
1626870256.6016119,336,1626870256,601532001,world,-0.07113997948257952,-0.09588896272018765,-0.08973625536774055,-0.09113758381167558,0.05310039223382171,0.13320525861410673
1626870256.626602,337,1626870256,626535872,world,-0.07127874754548733,-0.0960943385727262,-0.08967581920753376,-0.0906999290109915,0.05284540100965152,0.13320644405780527
1626870256.6516037,338,1626870256,651538099,world,-0.07127874754548733,-0.0960943385727262,-0.08967581920753376,-0.0906999290109915,0.05284540100965152,0.13320644405780527
1626870256.676594,339,1626870256,676534825,world,-0.07127874754548733,-0.0960943385727262,-0.08967581920753376,-0.0906999290109915,0.05284540100965152,0.13320644405780527
1626870256.7015593,340,1626870256,701498001,world,-0.07127874754548733,-0.0960943385727262,-0.08967581920753376,-0.0906999290109915,0.05284540100965152,0.13320644405780527
1626870256.726601,341,1626870256,726533785,world,-0.07127874754548733,-0.0960943385727262,-0.08967581920753376,-0.0906999290109915,0.05284540100965152,0.13320644405780527
1626870256.7515588,342,1626870256,751501338,world,-0.07127874754548733,-0.0960943385727262,-0.08967581920753376,-0.0906999290109915,0.05284540100965152,0.13320644405780527
1626870256.7765949,343,1626870256,776534123,world,-0.07127874754548733,-0.0960943385727262,-0.08967581920753376,-0.0906999290109915,0.05284540100965152,0.13320644405780527
1626870256.8016033,344,1626870256,801535181,world,-0.07127874754548733,-0.0960943385727262,-0.08967581920753376,-0.0906999290109915,0.05284540100965152,0.13320644405780527
1626870256.8266,345,1626870256,826537005,world,-0.07127874754548733,-0.0960943385727262,-0.08967581920753376,-0.0906999290109915,0.05284540100965152,0.13320644405780527
1626870256.851599,346,1626870256,851538930,world,-0.0714940433455204,-0.09641297498887036,-0.08958179060689786,-0.09002080947904206,0.052449724964125845,0.1332082722498667
1626870256.8765872,347,1626870256,876532897,world,-0.0714940433455204,-0.09641297498887036,-0.08958179060689786,-0.09002080947904206,0.052449724964125845,0.1332082722498667
1626870256.9016094,348,1626870256,901533422,world,-0.0714940433455204,-0.09641297498887036,-0.08958179060689786,-0.09002080947904206,0.052449724964125845,0.1332082722498667
1626870256.926598,349,1626870256,926531425,world,-0.0714940433455204,-0.09641297498887036,-0.08958179060689786,-0.09002080947904206,0.052449724964125845,0.1332082722498667
1626870256.9516037,350,1626870256,951535336,world,-0.0714940433455204,-0.09641297498887036,-0.08958179060689786,-0.09002080947904206,0.052449724964125845,0.1332082722498667
1626870256.976602,351,1626870256,976532800,world,-0.0714940433455204,-0.09641297498887036,-0.08958179060689786,-0.09002080947904206,0.052449724964125845,0.1332082722498667
1626870257.0015924,352,1626870257,1531333,world,-0.0714940433455204,-0.09641297498887036,-0.08958179060689786,-0.09002080947904206,0.052449724964125845,0.1332082722498667
1626870257.0265837,353,1626870257,26531497,world,-0.0714940433455204,-0.09641297498887036,-0.08958179060689786,-0.09002080947904206,0.052449724964125845,0.1332082722498667
1626870257.0515876,354,1626870257,51531751,world,-0.0714940433455204,-0.09641297498887036,-0.08958179060689786,-0.09002080947904206,0.052449724964125845,0.1332082722498667
1626870257.0765963,355,1626870257,76534466,world,-0.07153231382285631,-0.09646961505195203,-0.08956504279291533,-0.08990007711607749,0.05237938255501593,0.13320859582433678
1626870257.1016068,356,1626870257,101534064,world,-0.07153231382285631,-0.09646961505195203,-0.08956504279291533,-0.08990007711607749,0.05237938255501593,0.13320859582433678
1626870257.1265929,357,1626870257,126531640,world,-0.07153231382285631,-0.09646961505195203,-0.08956504279291533,-0.08990007711607749,0.05237938255501593,0.13320859582433678
1626870257.1515923,358,1626870257,151534034,world,-0.07153231382285631,-0.09646961505195203,-0.08956504279291533,-0.08990007711607749,0.05237938255501593,0.13320859582433678
1626870257.1765876,359,1626870257,176532120,world,-0.07153231382285631,-0.09646961505195203,-0.08956504279291533,-0.08990007711607749,0.05237938255501593,0.13320859582433678
1626870257.2016025,360,1626870257,201533187,world,-0.07153231382285631,-0.09646961505195203,-0.08956504279291533,-0.08990007711607749,0.05237938255501593,0.13320859582433678
1626870257.226601,361,1626870257,226532971,world,-0.07153231382285631,-0.09646961505195203,-0.08956504279291533,-0.08990007711607749,0.05237938255501593,0.13320859582433678
1626870257.2516031,362,1626870257,251532684,world,-0.07153231382285631,-0.09646961505195203,-0.08956504279291533,-0.08990007711607749,0.05237938255501593,0.13320859582433678
1626870257.2766013,363,1626870257,276531530,world,-0.07153231382285631,-0.09646961505195203,-0.08956504279291533,-0.08990007711607749,0.05237938255501593,0.13320859582433678
1626870257.3016,364,1626870257,301532451,world,-0.07153231382285631,-0.09646961505195203,-0.08956504279291533,-0.08990007711607749,0.05237938255501593,0.13320859582433678
1626870257.3266022,365,1626870257,326531403,world,-0.07167581644371272,-0.09668199801764471,-0.08950215348902746,-0.08944733075032961,0.05211559851813309,0.13320980536378857
1626870257.351583,366,1626870257,351521236,world,-0.07167581644371272,-0.09668199801764471,-0.08950215348902746,-0.08944733075032961,0.05211559851813309,0.13320980536378857
1626870257.3765972,367,1626870257,376531646,world,-0.07167581644371272,-0.09668199801764471,-0.08950215348902746,-0.08944733075032961,0.05211559851813309,0.13320980536378857
1626870257.4015539,368,1626870257,401493729,world,-0.07167581644371272,-0.09668199801764471,-0.08950215348902746,-0.08944733075032961,0.05211559851813309,0.13320980536378857
1626870257.4265969,369,1626870257,426533770,world,-0.07167581644371272,-0.09668199801764471,-0.08950215348902746,-0.08944733075032961,0.05211559851813309,0.13320980536378857
1626870257.4515946,370,1626870257,451533357,world,-0.07167581644371272,-0.09668199801764471,-0.08950215348902746,-0.08944733075032961,0.05211559851813309,0.13320980536378857
1626870257.4765966,371,1626870257,476533233,world,-0.07167581644371272,-0.09668199801764471,-0.08950215348902746,-0.08944733075032961,0.05211559851813309,0.13320980536378857
1626870257.5083303,372,1626870257,501541498,world,-0.07167581644371272,-0.09668199801764471,-0.08950215348902746,-0.08944733075032961,0.05211559851813309,0.13320980536378857
1626870257.526607,373,1626870257,526535034,world,-0.07167581644371272,-0.09668199801764471,-0.08950215348902746,-0.08944733075032961,0.05211559851813309,0.13320980536378857
1626870257.5516045,374,1626870257,551534706,world,-0.07179060525489976,-0.0968518847270742,-0.0894517454212429,-0.08908513365248763,0.051904571285544494,0.13321076860170467
1626870257.5765855,375,1626870257,576531261,world,-0.07179060525489976,-0.0968518847270742,-0.0894517454212429,-0.08908513365248763,0.051904571285544494,0.13321076860170467
1626870257.6015892,376,1626870257,601534451,world,-0.07179060525489976,-0.0968518847270742,-0.0894517454212429,-0.08908513365248763,0.051904571285544494,0.13321076860170467
1626870257.6266093,377,1626870257,626533946,world,-0.07179060525489976,-0.0968518847270742,-0.0894517454212429,-0.08908513365248763,0.051904571285544494,0.13321076860170467
1626870257.6516109,378,1626870257,651535767,world,-0.07179060525489976,-0.0968518847270742,-0.0894517454212429,-0.08908513365248763,0.051904571285544494,0.13321076860170467
1626870257.6766055,379,1626870257,676532116,world,-0.07179060525489976,-0.0968518847270742,-0.0894517454212429,-0.08908513365248763,0.051904571285544494,0.13321076860170467
1626870257.7015574,380,1626870257,701491050,world,-0.07179060525489976,-0.0968518847270742,-0.0894517454212429,-0.08908513365248763,0.051904571285544494,0.13321076860170467
1626870257.7265856,381,1626870257,726531182,world,-0.07179060525489976,-0.0968518847270742,-0.0894517454212429,-0.08908513365248763,0.051904571285544494,0.13321076860170467
1626870257.7515876,382,1626870257,751531862,world,-0.07179060525489976,-0.0968518847270742,-0.0894517454212429,-0.08908513365248763,0.051904571285544494,0.13321076860170467
1626870257.7765994,383,1626870257,776533766,world,-0.07189581793897512,-0.09700759882884685,-0.08940546258322413,-0.08875311964205544,0.05171112965327554,0.13321164813898478
1626870257.8016312,384,1626870257,801541314,world,-0.07189581793897512,-0.09700759882884685,-0.08940546258322413,-0.08875311964205544,0.05171112965327554,0.13321164813898478
1626870257.8265877,385,1626870257,826531963,world,-0.07189581793897512,-0.09700759882884685,-0.08940546258322413,-0.08875311964205544,0.05171112965327554,0.13321164813898478
1626870257.8515708,386,1626870257,851504089,world,-0.07189581793897512,-0.09700759882884685,-0.08940546258322413,-0.08875311964205544,0.05171112965327554,0.13321164813898478
1626870257.8765981,387,1626870257,876534983,world,-0.07189581793897512,-0.09700759882884685,-0.08940546258322413,-0.08875311964205544,0.05171112965327554,0.13321164813898478
1626870257.901575,388,1626870257,901505541,world,-0.07189581793897512,-0.09700759882884685,-0.08940546258322413,-0.08875311964205544,0.05171112965327554,0.13321164813898478
1626870257.9265962,389,1626870257,926532248,world,-0.07189581793897512,-0.09700759882884685,-0.08940546258322413,-0.08875311964205544,0.05171112965327554,0.13321164813898478
1626870257.9516313,390,1626870257,951542607,world,-0.07189581793897512,-0.09700759882884685,-0.08940546258322413,-0.08875311964205544,0.05171112965327554,0.13321164813898478
1626870257.976594,391,1626870257,976531112,world,-0.07189581793897512,-0.09700759882884685,-0.08940546258322413,-0.08875311964205544,0.05171112965327554,0.13321164813898478
1626870258.0015898,392,1626870258,1532077,world,-0.07194842054812026,-0.09708545035488764,-0.0893822941055098,-0.08858711263538142,0.051614408836283994,0.13321208667701726
1626870258.0265875,393,1626870258,26532043,world,-0.07194842054812026,-0.09708545035488764,-0.0893822941055098,-0.08858711263538142,0.051614408836283994,0.13321208667701726
1626870258.0515952,394,1626870258,51533973,world,-0.07194842054812026,-0.09708545035488764,-0.0893822941055098,-0.08858711263538142,0.051614408836283994,0.13321208667701726
1626870258.0765858,395,1626870258,76532019,world,-0.07194842054812026,-0.09708545035488764,-0.0893822941055098,-0.08858711263538142,0.051614408836283994,0.13321208667701726
1626870258.1016014,396,1626870258,101536888,world,-0.07194842054812026,-0.09708545035488764,-0.0893822941055098,-0.08858711263538142,0.051614408836283994,0.13321208667701726
1626870258.1265907,397,1626870258,126531616,world,-0.07194842054812026,-0.09708545035488764,-0.0893822941055098,-0.08858711263538142,0.051614408836283994,0.13321208667701726
1626870258.1515872,398,1626870258,151530765,world,-0.07194842054812026,-0.09708545035488764,-0.0893822941055098,-0.08858711263538142,0.051614408836283994,0.13321208667701726
1626870258.1765902,399,1626870258,176533587,world,-0.07194842054812026,-0.09708545035488764,-0.0893822941055098,-0.08858711263538142,0.051614408836283994,0.13321208667701726
1626870258.2015915,400,1626870258,201532788,world,-0.07194842054812026,-0.09708545035488764,-0.0893822941055098,-0.08858711263538142,0.051614408836283994,0.13321208667701726
1626870258.226564,401,1626870258,226489509,world,-0.07218271096971202,-0.09743219868303829,-0.0892788699410636,-0.08784762686662811,0.05118356155368701,0.13321403019780467
1626870258.2517185,402,1626870258,251615711,world,-0.07218271096971202,-0.09743219868303829,-0.0892788699410636,-0.08784762686662811,0.05118356155368701,0.13321403019780467
1626870258.276592,403,1626870258,276534333,world,-0.07218271096971202,-0.09743219868303829,-0.0892788699410636,-0.08784762686662811,0.05118356155368701,0.13321403019780467
1626870258.3016098,404,1626870258,301538360,world,-0.07218271096971202,-0.09743219868303829,-0.0892788699410636,-0.08784762686662811,0.05118356155368701,0.13321403019780467
1626870258.3266008,405,1626870258,326535543,world,-0.07218271096971202,-0.09743219868303829,-0.0892788699410636,-0.08784762686662811,0.05118356155368701,0.13321403019780467
1626870258.3515847,406,1626870258,351513270,world,-0.07218271096971202,-0.09743219868303829,-0.0892788699410636,-0.08784762686662811,0.05118356155368701,0.13321403019780467
1626870258.376598,407,1626870258,376537337,world,-0.07218271096971202,-0.09743219868303829,-0.0892788699410636,-0.08784762686662811,0.05118356155368701,0.13321403019780467
1626870258.4016027,408,1626870258,401536973,world,-0.07218271096971202,-0.09743219868303829,-0.0892788699410636,-0.08784762686662811,0.05118356155368701,0.13321403019780467
1626870258.4266098,409,1626870258,426535985,world,-0.07218271096971202,-0.09743219868303829,-0.0892788699410636,-0.08784762686662811,0.05118356155368701,0.13321403019780467
1626870258.4515953,410,1626870258,451532498,world,-0.0722639838203528,-0.09755248198252567,-0.08924290447119732,-0.08759107057504442,0.051034083922406034,0.13321470067690175
1626870258.4765983,411,1626870258,476538600,world,-0.0722639838203528,-0.09755248198252567,-0.08924290447119732,-0.08759107057504442,0.051034083922406034,0.13321470067690175
1626870258.5032134,412,1626870258,501554671,world,-0.0722639838203528,-0.09755248198252567,-0.08924290447119732,-0.08759107057504442,0.051034083922406034,0.13321470067690175
1626870258.526605,413,1626870258,526535377,world,-0.0722639838203528,-0.09755248198252567,-0.08924290447119732,-0.08759107057504442,0.051034083922406034,0.13321470067690175
1626870258.5515938,414,1626870258,551531773,world,-0.0722639838203528,-0.09755248198252567,-0.08924290447119732,-0.08759107057504442,0.051034083922406034,0.13321470067690175
1626870258.5765874,415,1626870258,576531257,world,-0.0722639838203528,-0.09755248198252567,-0.08924290447119732,-0.08759107057504442,0.051034083922406034,0.13321470067690175
1626870258.601602,416,1626870258,601531567,world,-0.0722639838203528,-0.09755248198252567,-0.08924290447119732,-0.08759107057504442,0.051034083922406034,0.13321470067690175
1626870258.6266365,417,1626870258,626568055,world,-0.0722639838203528,-0.09755248198252567,-0.08924290447119732,-0.08759107057504442,0.051034083922406034,0.13321470067690175
1626870258.6516,418,1626870258,651532531,world,-0.0722639838203528,-0.09755248198252567,-0.08924290447119732,-0.08759107057504442,0.051034083922406034,0.13321470067690175
1626870258.6765962,419,1626870258,676532817,world,-0.0722639838203528,-0.09755248198252567,-0.08924290447119732,-0.08759107057504442,0.051034083922406034,0.13321470067690175
1626870258.701588,420,1626870258,701510357,world,-0.07238827190925672,-0.09773642755912759,-0.08918781515070773,-0.0871986903599613,0.05080547107196316,0.13321572232549542
1626870258.7266095,421,1626870258,726534404,world,-0.07238827190925672,-0.09773642755912759,-0.08918781515070773,-0.0871986903599613,0.05080547107196316,0.13321572232549542
1626870258.751593,422,1626870258,751534925,world,-0.07238827190925672,-0.09773642755912759,-0.08918781515070773,-0.0871986903599613,0.05080547107196316,0.13321572232549542
1626870258.7765918,423,1626870258,776533305,world,-0.07238827190925672,-0.09773642755912759,-0.08918781515070773,-0.0871986903599613,0.05080547107196316,0.13321572232549542
1626870258.8015926,424,1626870258,801534116,world,-0.07238827190925672,-0.09773642755912759,-0.08918781515070773,-0.0871986903599613,0.05080547107196316,0.13321572232549542
1626870258.8266044,425,1626870258,826533186,world,-0.07238827190925672,-0.09773642755912759,-0.08918781515070773,-0.0871986903599613,0.05080547107196316,0.13321572232549542
1626870258.851596,426,1626870258,851533253,world,-0.07238827190925672,-0.09773642755912759,-0.08918781515070773,-0.0871986903599613,0.05080547107196316,0.13321572232549542
1626870258.8766067,427,1626870258,876542942,world,-0.07238827190925672,-0.09773642755912759,-0.08918781515070773,-0.0871986903599613,0.05080547107196316,0.13321572232549542
1626870258.9016273,428,1626870258,901556921,world,-0.07238827190925672,-0.09773642755912759,-0.08918781515070773,-0.0871986903599613,0.05080547107196316,0.13321572232549542
1626870258.9265954,429,1626870258,926533200,world,-0.07259379453335803,-0.09804059972668641,-0.08909648483140065,-0.08654975383871356,0.05042738058166676,0.13321740191705275
1626870258.951619,430,1626870258,951564523,world,-0.07259379453335803,-0.09804059972668641,-0.08909648483140065,-0.08654975383871356,0.05042738058166676,0.13321740191705275
1626870258.9765854,431,1626870258,976531552,world,-0.07259379453335803,-0.09804059972668641,-0.08909648483140065,-0.08654975383871356,0.05042738058166676,0.13321740191705275
1626870259.001594,432,1626870259,1530955,world,-0.07259379453335803,-0.09804059972668641,-0.08909648483140065,-0.08654975383871356,0.05042738058166676,0.13321740191705275
1626870259.0265934,433,1626870259,26532505,world,-0.07259379453335803,-0.09804059972668641,-0.08909648483140065,-0.08654975383871356,0.05042738058166676,0.13321740191705275
1626870259.0515842,434,1626870259,51531633,world,-0.07259379453335803,-0.09804059972668641,-0.08909648483140065,-0.08654975383871356,0.05042738058166676,0.13321740191705275
1626870259.076593,435,1626870259,76531881,world,-0.07259379453335803,-0.09804059972668641,-0.08909648483140065,-0.08654975383871356,0.05042738058166676,0.13321740191705275
1626870259.1015685,436,1626870259,101502495,world,-0.07259379453335803,-0.09804059972668641,-0.08909648483140065,-0.08654975383871356,0.05042738058166676,0.13321740191705275
1626870259.1266067,437,1626870259,126539899,world,-0.07259379453335803,-0.09804059972668641,-0.08909648483140065,-0.08654975383871356,0.05042738058166676,0.13321740191705275
1626870259.1516001,438,1626870259,151536634,world,-0.07259379453335803,-0.09804059972668641,-0.08909648483140065,-0.08654975383871356,0.05042738058166676,0.13321740191705275
1626870259.1765928,439,1626870259,176531835,world,-0.07262724807043053,-0.09809011074714466,-0.089081591030864,-0.08644411300830106,0.05036583096616059,0.13321767415245564
1626870259.2015948,440,1626870259,201534202,world,-0.07262724807043053,-0.09809011074714466,-0.089081591030864,-0.08644411300830106,0.05036583096616059,0.13321767415245564
1626870259.226598,441,1626870259,226526956,world,-0.07262724807043053,-0.09809011074714466,-0.089081591030864,-0.08644411300830106,0.05036583096616059,0.13321767415245564
1626870259.2515955,442,1626870259,251534632,world,-0.07262724807043053,-0.09809011074714466,-0.089081591030864,-0.08644411300830106,0.05036583096616059,0.13321767415245564
1626870259.2765923,443,1626870259,276532007,world,-0.07262724807043053,-0.09809011074714466,-0.089081591030864,-0.08644411300830106,0.05036583096616059,0.13321767415245564
1626870259.3015463,444,1626870259,301483487,world,-0.07262724807043053,-0.09809011074714466,-0.089081591030864,-0.08644411300830106,0.05036583096616059,0.13321767415245564
1626870259.3266618,445,1626870259,326558867,world,-0.07262724807043053,-0.09809011074714466,-0.089081591030864,-0.08644411300830106,0.05036583096616059,0.13321767415245564
1626870259.3516033,446,1626870259,351532031,world,-0.07262724807043053,-0.09809011074714466,-0.089081591030864,-0.08644411300830106,0.05036583096616059,0.13321767415245564
1626870259.3766341,447,1626870259,376530954,world,-0.07262724807043053,-0.09809011074714466,-0.089081591030864,-0.08644411300830106,0.05036583096616059,0.13321767415245564
1626870259.401588,448,1626870259,401534204,world,-0.07262724807043053,-0.09809011074714466,-0.089081591030864,-0.08644411300830106,0.05036583096616059,0.13321767415245564
1626870259.426591,449,1626870259,426534022,world,-0.07274671666703306,-0.09826692350400798,-0.08902833929454035,-0.08606682432513134,0.05014601090894436,0.13321864370982278
1626870259.4517047,450,1626870259,451536265,world,-0.07274671666703306,-0.09826692350400798,-0.08902833929454035,-0.08606682432513134,0.05014601090894436,0.13321864370982278
1626870259.4765964,451,1626870259,476534573,world,-0.07274671666703306,-0.09826692350400798,-0.08902833929454035,-0.08606682432513134,0.05014601090894436,0.13321864370982278
1626870259.5015965,452,1626870259,501533748,world,-0.07274671666703306,-0.09826692350400798,-0.08902833929454035,-0.08606682432513134,0.05014601090894436,0.13321864370982278
1626870259.52659,453,1626870259,526525600,world,-0.07274671666703306,-0.09826692350400798,-0.08902833929454035,-0.08606682432513134,0.05014601090894436,0.13321864370982278
1626870259.5516007,454,1626870259,551532922,world,-0.07274671666703306,-0.09826692350400798,-0.08902833929454035,-0.08606682432513134,0.05014601090894436,0.13321864370982278
1626870259.5765998,455,1626870259,576512168,world,-0.07274671666703306,-0.09826692350400798,-0.08902833929454035,-0.08606682432513134,0.05014601090894436,0.13321864370982278
1626870259.6016195,456,1626870259,601545639,world,-0.07274671666703306,-0.09826692350400798,-0.08902833929454035,-0.08606682432513134,0.05014601090894436,0.13321864370982278
1626870259.6266043,457,1626870259,626533924,world,-0.07274671666703306,-0.09826692350400798,-0.08902833929454035,-0.08606682432513134,0.05014601090894436,0.13321864370982278
1626870259.6516018,458,1626870259,651530893,world,-0.07286617224398512,-0.09844371699122303,-0.08897499445412782,-0.08568953563709725,0.049926190848868034,0.13321960902983002
1626870259.6765842,459,1626870259,676531877,world,-0.07286617224398512,-0.09844371699122303,-0.08897499445412782,-0.08568953563709725,0.049926190848868034,0.13321960902983002
1626870259.7015977,460,1626870259,701532300,world,-0.07286617224398512,-0.09844371699122303,-0.08897499445412782,-0.08568953563709725,0.049926190848868034,0.13321960902983002
1626870259.7266386,461,1626870259,726573314,world,-0.07286617224398512,-0.09844371699122303,-0.08897499445412782,-0.08568953563709725,0.049926190848868034,0.13321960902983002
1626870259.7515929,462,1626870259,751532798,world,-0.07286617224398512,-0.09844371699122303,-0.08897499445412782,-0.08568953563709725,0.049926190848868034,0.13321960902983002
1626870259.776613,463,1626870259,776559173,world,-0.07286617224398512,-0.09844371699122303,-0.08897499445412782,-0.08568953563709725,0.049926190848868034,0.13321960902983002
1626870259.8015954,464,1626870259,801532398,world,-0.07286617224398512,-0.09844371699122303,-0.08897499445412782,-0.08568953563709725,0.049926190848868034,0.13321960902983002
1626870259.8266082,465,1626870259,826533390,world,-0.07286617224398512,-0.09844371699122303,-0.08897499445412782,-0.08568953563709725,0.049926190848868034,0.13321960902983002
1626870259.851593,466,1626870259,851532951,world,-0.07286617224398512,-0.09844371699122303,-0.08897499445412782,-0.08568953563709725,0.049926190848868034,0.13321960902983002
1626870259.8765922,467,1626870259,876533174,world,-0.07307638236806407,-0.0987548266241409,-0.08888088143471573,-0.08502550753440749,0.04953930753622477,0.1332212977014553
1626870259.901623,468,1626870259,901538178,world,-0.07307638236806407,-0.0987548266241409,-0.08888088143471573,-0.08502550753440749,0.04953930753622477,0.1332212977014553
1626870259.9266038,469,1626870259,926534586,world,-0.07307638236806407,-0.0987548266241409,-0.08888088143471573,-0.08502550753440749,0.04953930753622477,0.1332212977014553
1626870259.951606,470,1626870259,951539106,world,-0.07307638236806407,-0.0987548266241409,-0.08888088143471573,-0.08502550753440749,0.04953930753622477,0.1332212977014553
1626870259.9766,471,1626870259,976532464,world,-0.07307638236806407,-0.0987548266241409,-0.08888088143471573,-0.08502550753440749,0.04953930753622477,0.1332212977014553
1626870260.001601,472,1626870260,1533240,world,-0.07307638236806407,-0.0987548266241409,-0.08888088143471573,-0.08502550753440749,0.04953930753622477,0.1332212977014553
1626870260.0266018,473,1626870260,26534944,world,-0.07307638236806407,-0.0987548266241409,-0.08888088143471573,-0.08502550753440749,0.04953930753622477,0.1332212977014553
1626870260.051592,474,1626870260,51533180,world,-0.07307638236806407,-0.0987548266241409,-0.08888088143471573,-0.08502550753440749,0.04953930753622477,0.1332212977014553
1626870260.0765965,475,1626870260,76533183,world,-0.07307638236806407,-0.0987548266241409,-0.08888088143471573,-0.08502550753440749,0.04953930753622477,0.1332212977014553
1626870260.101604,476,1626870260,101534692,world,-0.07307638236806407,-0.0987548266241409,-0.08888088143471573,-0.08502550753440749,0.04953930753622477,0.1332212977014553
1626870260.126596,477,1626870260,126533902,world,-0.07316236574588167,-0.09888208147023955,-0.08884229755262685,-0.08475385966991891,0.04938103708761686,0.1332219847386293
1626870260.151591,478,1626870260,151533290,world,-0.07316236574588167,-0.09888208147023955,-0.08884229755262685,-0.08475385966991891,0.04938103708761686,0.1332219847386293
1626870260.176606,479,1626870260,176536081,world,-0.07316236574588167,-0.09888208147023955,-0.08884229755262685,-0.08475385966991891,0.04938103708761686,0.1332219847386293
1626870260.2015944,480,1626870260,201535209,world,-0.07316236574588167,-0.09888208147023955,-0.08884229755262685,-0.08475385966991891,0.04938103708761686,0.1332219847386293
1626870260.2266037,481,1626870260,226534804,world,-0.07316236574588167,-0.09888208147023955,-0.08884229755262685,-0.08475385966991891,0.04938103708761686,0.1332219847386293
1626870260.2516227,482,1626870260,251547170,world,-0.07316236574588167,-0.09888208147023955,-0.08884229755262685,-0.08475385966991891,0.04938103708761686,0.1332219847386293
1626870260.2766018,483,1626870260,276535926,world,-0.07316236574588167,-0.09888208147023955,-0.08884229755262685,-0.08475385966991891,0.04938103708761686,0.1332219847386293
1626870260.301586,484,1626870260,301513874,world,-0.07316236574588167,-0.09888208147023955,-0.08884229755262685,-0.08475385966991891,0.04938103708761686,0.1332219847386293
1626870260.326609,485,1626870260,326534219,world,-0.07316236574588167,-0.09888208147023955,-0.08884229755262685,-0.08475385966991891,0.04938103708761686,0.1332219847386293
1626870260.351604,486,1626870260,351533159,world,-0.07331520831234803,-0.0991082874846487,-0.08877358485901166,-0.08427093012692463,0.049099667397600084,0.13322320071440083
1626870260.376601,487,1626870260,376534414,world,-0.07331520831234803,-0.0991082874846487,-0.08877358485901166,-0.08427093012692463,0.049099667397600084,0.13322320071440083
1626870260.401604,488,1626870260,401535593,world,-0.07331520831234803,-0.0991082874846487,-0.08877358485901166,-0.08427093012692463,0.049099667397600084,0.13322320071440083
1626870260.4266453,489,1626870260,426553094,world,-0.07331520831234803,-0.0991082874846487,-0.08877358485901166,-0.08427093012692463,0.049099667397600084,0.13322320071440083
1626870260.4515688,490,1626870260,451509105,world,-0.07331520831234803,-0.0991082874846487,-0.08877358485901166,-0.08427093012692463,0.049099667397600084,0.13322320071440083
1626870260.476627,491,1626870260,476533948,world,-0.07331520831234803,-0.0991082874846487,-0.08877358485901166,-0.08427093012692463,0.049099667397600084,0.13322320071440083
1626870260.5015833,492,1626870260,501506272,world,-0.07331520831234803,-0.0991082874846487,-0.08877358485901166,-0.08427093012692463,0.049099667397600084,0.13322320071440083
1626870260.5266826,493,1626870260,526543360,world,-0.07331520831234803,-0.0991082874846487,-0.08877358485901166,-0.08427093012692463,0.049099667397600084,0.13322320071440083
1626870260.5515866,494,1626870260,551531504,world,-0.07331520831234803,-0.0991082874846487,-0.08877358485901166,-0.08427093012692463,0.049099667397600084,0.13322320071440083
1626870260.5766115,495,1626870260,576543965,world,-0.07343460160403167,-0.09928498878697711,-0.08871979698266719,-0.08389364141602831,0.04887984732407981,0.13322414586507572
