Time,header.seq,header.stamp.secs,header.stamp.nsecs,header.frame_id,pose.position.x,pose.position.y,pose.position.z,pose.orientation.x,pose.orientation.y,pose.orientation.z,pose.orientation.w
1626870248.2253942,0,1626870248,225262135,world,0.0,0.0,1.0,0.0,0.0,0.0,1.0
1626870248.225496,1,1626870248,225403117,world,0.0,0.0,1.0,0.0,0.0,0.0,1.0
1626870248.2505896,2,1626870248,250460284,world,0.0,0.0,1.0,0.0,0.0,0.0,1.0
1626870248.2756734,3,1626870248,275507662,world,0.0,0.0,1.0,0.0,0.0,0.0,1.0
1626870248.3005207,4,1626870248,300447746,world,0.0,0.0,1.0,0.0,0.0,0.0,1.0
1626870248.3255205,5,1626870248,325447110,world,0.0,0.0,1.0,0.0,0.0,0.0,1.0
1626870248.3505723,6,1626870248,350478429,world,0.0,0.0,1.0,0.0,0.0,0.0,1.0
1626870248.3755584,7,1626870248,375491435,world,0.0,0.0,1.0,0.0,0.0,0.0,1.0
1626870248.400554,8,1626870248,400479458,world,0.0,0.0,1.0,0.0,0.0,0.0,1.0
1626870248.4255424,9,1626870248,425468985,world,0.0,0.0,1.0,0.0,0.0,0.0,1.0
1626870248.45066,10,1626870248,450506605,world,0.0,0.0,1.0,0.0,0.0,0.0,1.0
1626870248.4755583,11,1626870248,475488065,world,0.0,0.0,1.0,0.0,0.0,0.0,1.0
1626870248.5005498,12,1626870248,500469646,world,0.0,0.0,1.0,0.0,0.0,0.0,1.0
1626870248.5255911,13,1626870248,525482436,world,0.0,0.0,1.0,0.0,0.0,0.0,1.0
1626870248.5505843,14,1626870248,550475818,world,0.0,0.0,1.0,0.0,0.0,0.0,1.0
1626870248.5756543,15,1626870248,575480128,world,0.0,0.0,1.0,0.0,0.0,0.0,1.0
1626870248.6013572,16,1626870248,601166078,world,0.0,0.0,1.0,0.0,0.0,0.0,1.0
1626870248.625775,17,1626870248,625514177,world,0.0,0.0,1.0,0.0,0.0,0.0,1.0
1626870248.6506622,18,1626870248,650581342,world,0.0,0.0,1.0,0.0,0.0,0.0,1.0
1626870248.675577,19,1626870248,675467250,world,0.0,0.0,1.0,0.0,0.0,0.0,1.0
1626870248.700537,20,1626870248,700456572,world,0.0,0.0,1.0,0.0,0.0,0.0,1.0
1626870248.7255943,21,1626870248,725468130,world,0.0,0.0,1.0,0.0,0.0,0.0,1.0
1626870248.7506347,22,1626870248,750480535,world,0.0,0.0,1.0,0.0,0.0,0.0,1.0
1626870248.7755713,23,1626870248,775461936,world,0.0,0.0,1.0,0.0,0.0,0.0,1.0
1626870248.8005629,24,1626870248,800460613,world,0.0,0.0,1.0,0.0,0.0,0.0,1.0
1626870248.8255248,25,1626870248,825446904,world,0.0,0.0,1.0,0.0,0.0,0.0,1.0
1626870248.8505776,26,1626870248,850469572,world,0.0,0.0,1.0,0.0,0.0,0.0,1.0
1626870248.875575,27,1626870248,875507131,world,0.0,0.0,1.0,0.0,0.0,0.0,1.0
1626870248.9005566,28,1626870248,900489711,world,0.0,0.0,1.0,0.0,0.0,0.0,1.0
1626870248.9255962,29,1626870248,925463786,world,0.0,0.0,1.0,0.0,0.0,0.0,1.0
1626870248.9506185,30,1626870248,950468953,world,0.0,0.0,1.0,0.0,0.0,0.0,1.0
1626870248.9755375,31,1626870248,975456108,world,0.0,0.0,1.0,0.0,0.0,0.0,1.0
1626870249.00052,32,1626870249,431970,world,0.0,0.0,1.0,0.0,0.0,0.0,1.0
1626870249.0255392,33,1626870249,25461531,world,0.0,0.0,1.0,0.0,0.0,0.0,1.0
1626870249.0507078,34,1626870249,50452436,world,0.0,0.0,1.0,0.0,0.0,0.0,1.0
1626870249.075665,35,1626870249,75470680,world,0.0,0.0,1.0,0.0,0.0,0.0,1.0
1626870249.1006172,36,1626870249,100501272,world,0.0,0.0,1.0,0.0,0.0,0.0,1.0
1626870249.125613,37,1626870249,125475820,world,0.0,0.0,1.0,0.0,0.0,0.0,1.0
1626870249.1505544,38,1626870249,150461956,world,0.0,0.0,1.0,0.0,0.0,0.0,1.0
1626870249.1755123,39,1626870249,175444032,world,0.0,0.0,1.0,0.0,0.0,0.0,1.0
1626870249.2006195,40,1626870249,200459973,world,0.0,0.0,1.0,0.0,0.0,0.0,1.0
1626870249.2256143,41,1626870249,225528929,world,0.0,0.0,1.0,0.0,0.0,0.0,1.0
1626870249.2507355,42,1626870249,250477935,world,0.0,0.0,1.0,0.0,0.0,0.0,1.0
1626870249.275653,43,1626870249,275560223,world,0.0,0.0,1.0,0.0,0.0,0.0,1.0
1626870249.3005369,44,1626870249,300471726,world,0.0,0.0,1.0,0.0,0.0,0.0,1.0
1626870249.3256128,45,1626870249,325447607,world,0.0,0.0,1.0,0.0,0.0,0.0,1.0
1626870249.3505652,46,1626870249,350458882,world,0.0,0.0,1.0,0.0,0.0,0.0,1.0
1626870249.3755782,47,1626870249,375452572,world,0.0,0.0,1.0,0.0,0.0,0.0,1.0
1626870249.4006135,48,1626870249,400493324,world,0.0,0.0,1.0,0.0,0.0,0.0,1.0
1626870249.4256663,49,1626870249,425468350,world,0.0,0.0,1.0,0.0,0.0,0.0,1.0
1626870249.450688,50,1626870249,450604852,world,0.0,0.0,1.0,0.0,0.0,0.0,1.0
1626870249.47563,51,1626870249,475464829,world,0.0,0.0,1.0,0.0,0.0,0.0,1.0
1626870249.500546,52,1626870249,500464386,world,0.0,0.0,1.0,0.0,0.0,0.0,1.0
1626870249.5255735,53,1626870249,525457565,world,0.0,0.0,1.0,0.0,0.0,0.0,1.0
1626870249.5505912,54,1626870249,550503099,world,0.0,0.0,1.0,0.0,0.0,0.0,1.0
1626870249.5755842,55,1626870249,575472443,world,0.0,0.0,1.0,0.0,0.0,0.0,1.0
1626870249.600537,56,1626870249,600471771,world,0.0,0.0,1.0,0.0,0.0,0.0,1.0
1626870249.625589,57,1626870249,625467267,world,0.0,0.0,1.0,0.0,0.0,0.0,1.0
1626870249.6505451,58,1626870249,650457473,world,0.0,0.0,1.0,0.0,0.0,0.0,1.0
1626870249.6755757,59,1626870249,675469928,world,0.0,0.0,1.0,0.0,0.0,0.0,1.0
1626870249.7006717,60,1626870249,700458716,world,0.0,0.0,1.0,0.0,0.0,0.0,1.0
1626870249.725553,61,1626870249,725455839,world,0.0,0.0,1.0,0.0,0.0,0.0,1.0
1626870249.750583,62,1626870249,750475671,world,0.0,0.0,1.0,0.0,0.0,0.0,1.0
1626870249.7755334,63,1626870249,775458466,world,0.0,0.0,1.0,0.0,0.0,0.0,1.0
1626870249.8005302,64,1626870249,800453898,world,0.0,0.0,1.0,0.0,0.0,0.0,1.0
1626870249.8255408,65,1626870249,825454542,world,0.0,0.0,1.0,0.0,0.0,0.0,1.0
1626870249.8505757,66,1626870249,850479136,world,0.0,0.0,1.0,0.0,0.0,0.0,1.0
1626870249.875536,67,1626870249,875464609,world,0.0,0.0,1.0,0.0,0.0,0.0,1.0
1626870249.9004848,68,1626870249,900411842,world,0.0,0.0,1.0,0.0,0.0,0.0,1.0
1626870249.9256034,69,1626870249,925460163,world,0.0,0.0,1.0,0.0,0.0,0.0,1.0
1626870249.9507504,70,1626870249,950549602,world,0.0,0.0,1.0,0.0,0.0,0.0,1.0
1626870249.975552,71,1626870249,975458116,world,0.0,0.0,1.0,0.0,0.0,0.0,1.0
1626870250.0005927,72,1626870250,470527,world,0.0,0.0,1.0,0.0,0.0,0.0,1.0
1626870250.0255346,73,1626870250,25453619,world,0.0,0.0,1.0,0.0,0.0,0.0,1.0
1626870250.050521,74,1626870250,50444700,world,0.0,0.0,1.0,0.0,0.0,0.0,1.0
1626870250.0755033,75,1626870250,75429556,world,0.0,0.0,1.0,0.0,0.0,0.0,1.0
1626870250.1006172,76,1626870250,100469767,world,0.0,0.0,1.0,0.0,0.0,0.0,1.0
1626870250.125523,77,1626870250,125442534,world,0.0,0.0,1.0,0.0,0.0,0.0,1.0
1626870250.1505587,78,1626870250,150439392,world,0.0,0.0,1.0,0.0,0.0,0.0,1.0
1626870250.1755111,79,1626870250,175437298,world,0.0,0.0,1.0,0.0,0.0,0.0,1.0
1626870250.2005553,80,1626870250,200438389,world,0.0,0.0,1.0,0.0,0.0,0.0,1.0
1626870250.225546,81,1626870250,225462016,world,0.0,0.0,1.0,0.0,0.0,0.0,1.0
1626870250.2507064,82,1626870250,250467142,world,0.0,0.0,1.0,0.0,0.0,0.0,1.0
1626870250.2755456,83,1626870250,275466933,world,0.0,0.0,1.0,0.0,0.0,0.0,1.0
1626870250.3006146,84,1626870250,300482544,world,0.0,0.0,1.0,0.0,0.0,0.0,1.0
1626870250.3255239,85,1626870250,325456433,world,0.0,0.0,1.0,0.0,0.0,0.0,1.0
1626870250.3507614,86,1626870250,350674819,world,0.0,0.0,1.0,0.0,0.0,0.0,1.0
1626870250.375536,87,1626870250,375465665,world,0.0,0.0,1.0,0.0,0.0,0.0,1.0
1626870250.4005225,88,1626870250,400451565,world,0.0,0.0,1.0,0.0,0.0,0.0,1.0
1626870250.4255447,89,1626870250,425455570,world,0.0,0.0,1.0,0.0,0.0,0.0,1.0
1626870250.4505987,90,1626870250,450456349,world,0.0,0.0,1.0,0.0,0.0,0.0,1.0
1626870250.47557,91,1626870250,475468735,world,0.0,0.0,1.0,0.0,0.0,0.0,1.0
1626870250.50049,92,1626870250,500429751,world,0.0,0.0,1.0,0.0,0.0,0.0,1.0
1626870250.525531,93,1626870250,525448349,world,0.0,0.0,1.0,0.0,0.0,0.0,1.0
1626870250.5507224,94,1626870250,550489973,world,0.0,0.0,1.0,0.0,0.0,0.0,1.0
1626870250.575681,95,1626870250,575487888,world,0.0,0.0,1.0,0.0,0.0,0.0,1.0
1626870250.600615,96,1626870250,600468251,world,0.0,0.0,1.0,0.0,0.0,0.0,1.0
1626870250.6255932,97,1626870250,625466002,world,0.0,0.0,1.0,0.0,0.0,0.0,1.0
1626870250.6505342,98,1626870250,650439452,world,0.0,0.0,1.0,0.0,0.0,0.0,1.0
1626870250.6756065,99,1626870250,675464639,world,0.0,0.0,1.0,0.0,0.0,0.0,1.0
1626870250.7005105,100,1626870250,700451251,world,0.0,0.0,1.0,0.0,0.0,0.0,1.0
1626870250.725564,101,1626870250,725467295,world,0.0,0.0,1.0,0.0,0.0,0.0,1.0
1626870250.7508285,102,1626870250,750705861,world,0.0,0.0,1.0,0.0,0.0,0.0,1.0
1626870250.7756329,103,1626870250,775483424,world,0.0,0.0,1.0,0.0,0.0,0.0,1.0
1626870250.8005886,104,1626870250,800494675,world,0.0,0.0,1.0,0.0,0.0,0.0,1.0
1626870250.8255677,105,1626870250,825463123,world,0.0,0.0,1.0,0.0,0.0,0.0,1.0
1626870250.850525,106,1626870250,850445825,world,0.0,0.0,1.0,0.0,0.0,0.0,1.0
1626870250.8755608,107,1626870250,875482847,world,0.0,0.0,1.0,0.0,0.0,0.0,1.0
1626870250.9005408,108,1626870250,900459441,world,0.0,0.0,1.0,0.0,0.0,0.0,1.0
1626870250.9255111,109,1626870250,925436603,world,0.0,0.0,1.0,0.0,0.0,0.0,1.0
1626870250.9506004,110,1626870250,950520823,world,0.0,0.0,1.0,0.0,0.0,0.0,1.0
1626870250.9755282,111,1626870250,975452268,world,0.0,0.0,1.0,0.0,0.0,0.0,1.0
1626870251.0005636,112,1626870251,464141,world,0.0,0.0,1.0,0.0,0.0,0.0,1.0
1626870251.0255399,113,1626870251,25457206,world,0.0,0.0,1.0,0.0,0.0,0.0,1.0
1626870251.0506036,114,1626870251,50467243,world,0.0,0.0,1.0,0.0,0.0,0.0,1.0
1626870251.0755332,115,1626870251,75454313,world,0.0,0.0,1.0,0.0,0.0,0.0,1.0
1626870251.1007314,116,1626870251,100502724,world,0.0,0.0,1.0,0.0,0.0,0.0,1.0
1626870251.125666,117,1626870251,125578900,world,0.0,0.0,1.0,0.0,0.0,0.0,1.0
1626870251.1506636,118,1626870251,150466194,world,0.0,0.0,1.0,0.0,0.0,0.0,1.0
1626870251.1755314,119,1626870251,175444299,world,0.0,0.0,1.0,0.0,0.0,0.0,1.0
1626870251.2009423,120,1626870251,200859177,world,0.0,0.0,1.0,0.0,0.0,0.0,1.0
1626870251.2255108,121,1626870251,225440490,world,0.0,0.0,1.0,0.0,0.0,0.0,1.0
1626870251.250546,122,1626870251,250476905,world,0.0,0.0,1.0,0.0,0.0,0.0,1.0
1626870251.2755451,123,1626870251,275463775,world,0.0,0.0,1.0,0.0,0.0,0.0,1.0
1626870251.3008626,124,1626870251,300694575,world,0.0,0.0,1.0,0.0,0.0,0.0,1.0
1626870251.3256109,125,1626870251,325459680,world,0.0,0.0,1.0,0.0,0.0,0.0,1.0
1626870251.3505588,126,1626870251,350461124,world,0.0,0.0,1.0,0.0,0.0,0.0,1.0
1626870251.3755658,127,1626870251,375446775,world,0.0,0.0,1.0,0.0,0.0,0.0,1.0
1626870251.400567,128,1626870251,400466186,world,0.0,0.0,1.0,0.0,0.0,0.0,1.0
1626870251.4255323,129,1626870251,425461437,world,0.0,0.0,1.0,0.0,0.0,0.0,1.0
1626870251.450619,130,1626870251,450465728,world,0.0,0.0,1.0,0.0,0.0,0.0,1.0
1626870251.4755907,131,1626870251,475451297,world,0.0,0.0,1.0,0.0,0.0,0.0,1.0
1626870251.5006099,132,1626870251,500467938,world,0.0,0.0,1.0,0.0,0.0,0.0,1.0
1626870251.525612,133,1626870251,525452905,world,0.0,0.0,1.0,0.0,0.0,0.0,1.0
1626870251.550809,134,1626870251,550480876,world,0.0,0.0,1.0,0.0,0.0,0.0,1.0
1626870251.575525,135,1626870251,575447466,world,0.0,0.0,1.0,0.0,0.0,0.0,1.0
1626870251.600639,136,1626870251,600478878,world,0.0,0.0,1.0,0.0,0.0,0.0,1.0
1626870251.6256387,137,1626870251,625494872,world,0.0,0.0,1.0,0.0,0.0,0.0,1.0
1626870251.6506867,138,1626870251,650570913,world,0.0,0.0,1.0,0.0,0.0,0.0,1.0
1626870251.6756115,139,1626870251,675453504,world,0.0,0.0,1.0,0.0,0.0,0.0,1.0
1626870251.7005737,140,1626870251,700464318,world,0.0,0.0,1.0,0.0,0.0,0.0,1.0
1626870251.725591,141,1626870251,725453285,world,0.0,0.0,1.0,0.0,0.0,0.0,1.0
1626870251.7505662,142,1626870251,750475163,world,0.0,0.0,1.0,0.0,0.0,0.0,1.0
1626870251.775552,143,1626870251,775453329,world,0.0,0.0,1.0,0.0,0.0,0.0,1.0
1626870251.800586,144,1626870251,800478863,world,0.0,0.0,1.0,0.0,0.0,0.0,1.0
1626870251.8256185,145,1626870251,825494122,world,0.0,0.0,1.0,0.0,0.0,0.0,1.0
1626870251.8505151,146,1626870251,850441814,world,0.0,0.0,1.0,0.0,0.0,0.0,1.0
1626870251.8755975,147,1626870251,875516433,world,0.0,0.0,1.0,0.0,0.0,0.0,1.0
1626870251.9005818,148,1626870251,900501983,world,0.0,0.0,1.0,0.0,0.0,0.0,1.0
1626870251.9256313,149,1626870251,925454495,world,0.0,0.0,1.0,0.0,0.0,0.0,1.0
1626870251.9507623,150,1626870251,950490673,world,0.0,0.0,1.0,0.0,0.0,0.0,1.0
1626870251.9755855,151,1626870251,975450265,world,0.0,0.0,1.0,0.0,0.0,0.0,1.0
1626870252.000545,152,1626870252,456656,world,0.0,0.0,1.0,0.0,0.0,0.0,1.0
1626870252.0255425,153,1626870252,25460458,world,0.0,0.0,1.0,0.0,0.0,0.0,1.0
1626870252.0506072,154,1626870252,50530608,world,0.0,0.0,1.0,0.0,0.0,0.0,1.0
1626870252.0755208,155,1626870252,75442256,world,0.0,0.0,1.0,0.0,0.0,0.0,1.0
1626870252.1005268,156,1626870252,100445540,world,0.0,0.0,1.0,0.0,0.0,0.0,1.0
1626870252.1255379,157,1626870252,125464098,world,0.0,0.0,1.0,0.0,0.0,0.0,1.0
1626870252.150487,158,1626870252,150417503,world,0.0,0.0,1.0,0.0,0.0,0.0,1.0
1626870252.1755478,159,1626870252,175448168,world,0.0,0.0,1.0,0.0,0.0,0.0,1.0
1626870252.2005792,160,1626870252,200467179,world,0.0,0.0,1.0,0.0,0.0,0.0,1.0
1626870252.22559,161,1626870252,225454001,world,0.0,0.0,1.0,0.0,0.0,0.0,1.0
1626870252.2506323,162,1626870252,250527742,world,0.0,0.0,1.0,0.0,0.0,0.0,1.0
1626870252.2756698,163,1626870252,275558096,world,0.0,0.0,1.0,0.0,0.0,0.0,1.0
1626870252.3005373,164,1626870252,300465633,world,0.0,0.0,1.0,0.0,0.0,0.0,1.0
1626870252.3255532,165,1626870252,325475879,world,0.0,0.0,1.0,0.0,0.0,0.0,1.0
1626870252.3505788,166,1626870252,350454271,world,0.0,0.0,1.0,0.0,0.0,0.0,1.0
1626870252.3755426,167,1626870252,375447759,world,0.0,0.0,1.0,0.0,0.0,0.0,1.0
1626870252.400522,168,1626870252,400451809,world,0.0,0.0,1.0,0.0,0.0,0.0,1.0
1626870252.4256403,169,1626870252,425470273,world,0.0,0.0,1.0,0.0,0.0,0.0,1.0
1626870252.4505265,170,1626870252,450454759,world,0.0,0.0,1.0,0.0,0.0,0.0,1.0
1626870252.475635,171,1626870252,475504486,world,0.0,0.0,1.0,0.0,0.0,0.0,1.0
1626870252.5012722,172,1626870252,500452415,world,0.0,0.0,1.0,0.0,0.0,0.0,1.0
1626870252.5255704,173,1626870252,525446612,world,0.0,0.0,1.0,0.0,0.0,0.0,1.0
1626870252.5506427,174,1626870252,550449182,world,0.0,0.0,1.0,0.0,0.0,0.0,1.0
1626870252.5755908,175,1626870252,575456782,world,0.0,0.0,1.0,0.0,0.0,0.0,1.0
1626870252.6005192,176,1626870252,600443504,world,0.0,0.0,1.0,0.0,0.0,0.0,1.0
1626870252.6255667,177,1626870252,625463290,world,0.0,0.0,1.0,0.0,0.0,0.0,1.0
1626870252.6509423,178,1626870252,650584900,world,0.0,0.0,1.0,0.0,0.0,0.0,1.0
1626870252.6756983,179,1626870252,675529494,world,0.0,0.0,1.0,0.0,0.0,0.0,1.0
1626870252.7006037,180,1626870252,700483553,world,0.0,0.0,1.0,0.0,0.0,0.0,1.0
1626870252.7255597,181,1626870252,725460559,world,0.0,0.0,1.0,0.0,0.0,0.0,1.0
1626870252.75067,182,1626870252,750496314,world,0.0,0.0,1.0,0.0,0.0,0.0,1.0
1626870252.7756202,183,1626870252,775503504,world,0.0,0.0,1.0,0.0,0.0,0.0,1.0
1626870252.800554,184,1626870252,800463442,world,0.0,0.0,1.0,0.0,0.0,0.0,1.0
1626870252.8255513,185,1626870252,825473316,world,0.0,0.0,1.0,0.0,0.0,0.0,1.0
1626870252.850582,186,1626870252,850489428,world,0.0,0.0,1.0,0.0,0.0,0.0,1.0
1626870252.875641,187,1626870252,875465970,world,0.0,0.0,1.0,0.0,0.0,0.0,1.0
1626870252.900617,188,1626870252,900472544,world,0.0,0.0,1.0,0.0,0.0,0.0,1.0
1626870252.9260156,189,1626870252,925491407,world,0.0,0.0,1.0,0.0,0.0,0.0,1.0
1626870252.9507072,190,1626870252,950535707,world,0.0,0.0,1.0,0.0,0.0,0.0,1.0
1626870252.9755394,191,1626870252,975455898,world,0.0,0.0,1.0,0.0,0.0,0.0,1.0
1626870253.0005403,192,1626870253,478859,world,0.0,0.0,1.0,0.0,0.0,0.0,1.0
1626870253.025602,193,1626870253,25487250,world,0.0,0.0,1.0,0.0,0.0,0.0,1.0
1626870253.050588,194,1626870253,50472803,world,0.0,0.0,1.0,0.0,0.0,0.0,1.0
1626870253.0755875,195,1626870253,75483700,world,0.0,0.0,1.0,0.0,0.0,0.0,1.0
1626870253.100571,196,1626870253,100454648,world,0.0,0.0,1.0,0.0,0.0,0.0,1.0
1626870253.1255658,197,1626870253,125440051,world,0.0,0.0,1.0,0.0,0.0,0.0,1.0
1626870253.1507168,198,1626870253,150566716,world,0.0,0.0,1.0,0.0,0.0,0.0,1.0
1626870253.1758249,199,1626870253,175719385,world,0.0,0.0,1.0,0.0,0.0,0.0,1.0
1626870253.2006857,200,1626870253,200479078,world,0.0,0.0,1.0,0.0,0.0,0.0,1.0
1626870253.2255921,201,1626870253,225453260,world,0.0,0.0,1.0,0.0,0.0,0.0,1.0
1626870253.2505383,202,1626870253,250459828,world,0.0,0.0,1.0,0.0,0.0,0.0,1.0
1626870253.2755215,203,1626870253,275448599,world,0.0,0.0,1.0,0.0,0.0,0.0,1.0
1626870253.3005288,204,1626870253,300450174,world,0.0,0.0,1.0,0.0,0.0,0.0,1.0
1626870253.3256342,205,1626870253,325456007,world,0.0,0.0,1.0,0.0,0.0,0.0,1.0
1626870253.3505554,206,1626870253,350466329,world,0.0,0.0,1.0,0.0,0.0,0.0,1.0
1626870253.3756595,207,1626870253,375511466,world,0.0,0.0,1.0,0.0,0.0,0.0,1.0
1626870253.4005952,208,1626870253,400461684,world,0.0,0.0,1.0,0.0,0.0,0.0,1.0
1626870253.4255636,209,1626870253,425468264,world,0.0,0.0,1.0,0.0,0.0,0.0,1.0
1626870253.4505377,210,1626870253,450458156,world,0.0,0.0,1.0,0.0,0.0,0.0,1.0
1626870253.4755461,211,1626870253,475457606,world,0.0,0.0,1.0,0.0,0.0,0.0,1.0
1626870253.500536,212,1626870253,500448266,world,0.0,0.0,1.0,0.0,0.0,0.0,1.0
1626870253.5255554,213,1626870253,525452862,world,0.0,0.0,1.0,0.0,0.0,0.0,1.0
1626870253.5506158,214,1626870253,550467014,world,0.0,0.0,1.0,0.0,0.0,0.0,1.0
1626870253.575576,215,1626870253,575462479,world,0.0,0.0,1.0,0.0,0.0,0.0,1.0
1626870253.600652,216,1626870253,600452744,world,0.0,0.0,1.0,0.0,0.0,0.0,1.0
1626870253.6256306,217,1626870253,625505171,world,0.0,0.0,1.0,0.0,0.0,0.0,1.0
1626870253.6506312,218,1626870253,650468498,world,0.0,0.0,1.0,0.0,0.0,0.0,1.0
1626870253.675551,219,1626870253,675463786,world,0.0,0.0,1.0,0.0,0.0,0.0,1.0
1626870253.7006974,220,1626870253,700488439,world,0.0,0.0,1.0,0.0,0.0,0.0,1.0
1626870253.725574,221,1626870253,725458428,world,0.0,0.0,1.0,0.0,0.0,0.0,1.0
1626870253.7506957,222,1626870253,750486173,world,0.0,0.0,1.0,0.0,0.0,0.0,1.0
1626870253.7756112,223,1626870253,775468781,world,0.0,0.0,1.0,0.0,0.0,0.0,1.0
1626870253.8005652,224,1626870253,800462921,world,0.0,0.0,1.0,0.0,0.0,0.0,1.0
1626870253.8255606,225,1626870253,825465662,world,0.0,0.0,1.0,0.0,0.0,0.0,1.0
1626870253.8505995,226,1626870253,850469252,world,0.0,0.0,1.0,0.0,0.0,0.0,1.0
1626870253.8756142,227,1626870253,875455526,world,0.0,0.0,1.0,0.0,0.0,0.0,1.0
1626870253.9005225,228,1626870253,900458332,world,0.0,0.0,1.0,0.0,0.0,0.0,1.0
1626870253.9255178,229,1626870253,925442503,world,0.0,0.0,1.0,0.0,0.0,0.0,1.0
1626870253.9505296,230,1626870253,950446016,world,0.0,0.0,1.0,0.0,0.0,0.0,1.0
1626870253.9756663,231,1626870253,975485928,world,0.0,0.0,1.0,0.0,0.0,0.0,1.0
1626870254.0005496,232,1626870254,475971,world,0.0,0.0,1.0,0.0,0.0,0.0,1.0
1626870254.0255249,233,1626870254,25456603,world,0.0,0.0,1.0,0.0,0.0,0.0,1.0
1626870254.050678,234,1626870254,50602135,world,0.0,0.0,1.0,0.0,0.0,0.0,1.0
1626870254.0755363,235,1626870254,75462605,world,0.0,0.0,1.0,0.0,0.0,0.0,1.0
1626870254.1005878,236,1626870254,100506212,world,0.0,0.0,1.0,0.0,0.0,0.0,1.0
1626870254.1256275,237,1626870254,125486005,world,0.0,0.0,1.0,0.0,0.0,0.0,1.0
1626870254.150528,238,1626870254,150445832,world,0.0,0.0,1.0,0.0,0.0,0.0,1.0
1626870254.1755342,239,1626870254,175450214,world,0.0,0.0,1.0,0.0,0.0,0.0,1.0
1626870254.200722,240,1626870254,200638751,world,0.0,0.0,1.0,0.0,0.0,0.0,1.0
1626870254.225522,241,1626870254,225436400,world,0.0,0.0,1.0,0.0,0.0,0.0,1.0
1626870254.2505443,242,1626870254,250449590,world,0.0,0.0,1.0,0.0,0.0,0.0,1.0
1626870254.2755516,243,1626870254,275451411,world,0.0,0.0,1.0,0.0,0.0,0.0,1.0
1626870254.300531,244,1626870254,300463373,world,0.0,0.0,1.0,0.0,0.0,0.0,1.0
1626870254.3255875,245,1626870254,325471704,world,0.0,0.0,1.0,0.0,0.0,0.0,1.0
1626870254.350558,246,1626870254,350470343,world,0.0,0.0,1.0,0.0,0.0,0.0,1.0
1626870254.3755412,247,1626870254,375450531,world,0.0,0.0,1.0,0.0,0.0,0.0,1.0
1626870254.400654,248,1626870254,400528400,world,0.0,0.0,1.0,0.0,0.0,0.0,1.0
1626870254.425564,249,1626870254,425457929,world,0.0,0.0,1.0,0.0,0.0,0.0,1.0
1626870254.45056,250,1626870254,450447014,world,0.0,0.0,1.0,0.0,0.0,0.0,1.0
1626870254.4755912,251,1626870254,475467631,world,0.0,0.0,1.0,0.0,0.0,0.0,1.0
1626870254.5006511,252,1626870254,500476919,world,0.0,0.0,1.0,0.0,0.0,0.0,1.0
1626870254.5256264,253,1626870254,525476133,world,0.0,0.0,1.0,0.0,0.0,0.0,1.0
1626870254.5505354,254,1626870254,550454999,world,0.0,0.0,1.0,0.0,0.0,0.0,1.0
1626870254.5755007,255,1626870254,575429958,world,0.0,0.0,1.0,0.0,0.0,0.0,1.0
1626870254.6005182,256,1626870254,600443434,world,0.0,0.0,1.0,0.0,0.0,0.0,1.0
1626870254.625606,257,1626870254,625531334,world,0.0,0.0,1.0,0.0,0.0,0.0,1.0
1626870254.6506188,258,1626870254,650543049,world,0.0,0.0,1.0,0.0,0.0,0.0,1.0
1626870254.6756186,259,1626870254,675543372,world,0.0,0.0,1.0,0.0,0.0,0.0,1.0
1626870254.7006273,260,1626870254,700463775,world,0.0,0.0,1.0,0.0,0.0,0.0,1.0
1626870254.7255344,261,1626870254,725456358,world,0.0,0.0,1.0,0.0,0.0,0.0,1.0
1626870254.750566,262,1626870254,750468273,world,0.0,0.0,1.0,0.0,0.0,0.0,1.0
1626870254.7755835,263,1626870254,775448645,world,0.0,0.0,1.0,0.0,0.0,0.0,1.0
1626870254.8005786,264,1626870254,800465464,world,0.0,0.0,1.0,0.0,0.0,0.0,1.0
1626870254.8255167,265,1626870254,825443328,world,0.0,0.0,1.0,0.0,0.0,0.0,1.0
1626870254.8505366,266,1626870254,850442264,world,0.0,0.0,1.0,0.0,0.0,0.0,1.0
1626870254.8755345,267,1626870254,875465548,world,0.0,0.0,1.0,0.0,0.0,0.0,1.0
1626870254.9005039,268,1626870254,900430595,world,0.0,0.0,1.0,0.0,0.0,0.0,1.0
1626870254.9255753,269,1626870254,925447299,world,0.0,0.0,1.0,0.0,0.0,0.0,1.0
1626870254.9505715,270,1626870254,950466430,world,0.0,0.0,1.0,0.0,0.0,0.0,1.0
1626870254.9755747,271,1626870254,975456276,world,0.0,0.0,1.0,0.0,0.0,0.0,1.0
1626870255.000551,272,1626870255,452916,world,0.0,0.0,1.0,0.0,0.0,0.0,1.0
1626870255.0255659,273,1626870255,25449457,world,0.0,0.0,1.0,0.0,0.0,0.0,1.0
1626870255.050722,274,1626870255,50653530,world,0.0,0.0,1.0,0.0,0.0,0.0,1.0
1626870255.0755374,275,1626870255,75478733,world,0.0,0.0,1.0,0.0,0.0,0.0,1.0
1626870255.1006427,276,1626870255,100482817,world,0.0,0.0,1.0,0.0,0.0,0.0,1.0
1626870255.1255696,277,1626870255,125476607,world,0.0,0.0,1.0,0.0,0.0,0.0,1.0
1626870255.1506336,278,1626870255,150551609,world,0.0,0.0,1.0,0.0,0.0,0.0,1.0
1626870255.1755867,279,1626870255,175447532,world,0.0,0.0,1.0,0.0,0.0,0.0,1.0
1626870255.200648,280,1626870255,200464342,world,0.0,0.0,1.0,0.0,0.0,0.0,1.0
1626870255.2256422,281,1626870255,225502677,world,0.0,0.0,1.0,0.0,0.0,0.0,1.0
1626870255.2506359,282,1626870255,250467682,world,0.0,0.0,1.0,0.0,0.0,0.0,1.0
1626870255.2755525,283,1626870255,275453771,world,0.0,0.0,1.0,0.0,0.0,0.0,1.0
1626870255.3006432,284,1626870255,300455229,world,0.0,0.0,1.0,0.0,0.0,0.0,1.0
1626870255.3255477,285,1626870255,325444219,world,0.0,0.0,1.0,0.0,0.0,0.0,1.0
1626870255.3505406,286,1626870255,350447260,world,0.0,0.0,1.0,0.0,0.0,0.0,1.0
1626870255.3755262,287,1626870255,375447753,world,0.0,0.0,1.0,0.0,0.0,0.0,1.0
1626870255.4006407,288,1626870255,400535777,world,0.0,0.0,1.0,0.0,0.0,0.0,1.0
1626870255.425527,289,1626870255,425452858,world,0.0,0.0,1.0,0.0,0.0,0.0,1.0
1626870255.450635,290,1626870255,450468707,world,0.0,0.0,1.0,0.0,0.0,0.0,1.0
1626870255.4755564,291,1626870255,475451038,world,0.0,0.0,1.0,0.0,0.0,0.0,1.0
1626870255.5005217,292,1626870255,500453905,world,0.0,0.0,1.0,0.0,0.0,0.0,1.0
1626870255.5255344,293,1626870255,525448688,world,0.0,0.0,1.0,0.0,0.0,0.0,1.0
1626870255.550551,294,1626870255,550458495,world,0.0,0.0,1.0,0.0,0.0,0.0,1.0
1626870255.5755296,295,1626870255,575446045,world,0.0,0.0,1.0,0.0,0.0,0.0,1.0
1626870255.6005337,296,1626870255,600436322,world,0.0,0.0,1.0,0.0,0.0,0.0,1.0
1626870255.6255329,297,1626870255,625444926,world,0.0,0.0,1.0,0.0,0.0,0.0,1.0
1626870255.650627,298,1626870255,650546983,world,0.0,0.0,1.0,0.0,0.0,0.0,1.0
1626870255.6755834,299,1626870255,675449746,world,0.0,0.0,1.0,0.0,0.0,0.0,1.0
1626870255.70053,300,1626870255,700448121,world,0.0,0.0,1.0,0.0,0.0,0.0,1.0
1626870255.7255063,301,1626870255,725447256,world,0.0,0.0,1.0,0.0,0.0,0.0,1.0
1626870255.7506673,302,1626870255,750559763,world,0.0,0.0,1.0,0.0,0.0,0.0,1.0
1626870255.7755995,303,1626870255,775446528,world,0.0,0.0,1.0,0.0,0.0,0.0,1.0
1626870255.8005152,304,1626870255,800445613,world,0.0,0.0,1.0,0.0,0.0,0.0,1.0
1626870255.8255668,305,1626870255,825488879,world,0.0,0.0,1.0,0.0,0.0,0.0,1.0
1626870255.8505461,306,1626870255,850466550,world,0.0,0.0,1.0,0.0,0.0,0.0,1.0
1626870255.875567,307,1626870255,875464555,world,0.0,0.0,1.0,0.0,0.0,0.0,1.0
1626870255.9005392,308,1626870255,900456583,world,0.0,0.0,1.0,0.0,0.0,0.0,1.0
1626870255.9255154,309,1626870255,925434480,world,0.0,0.0,1.0,0.0,0.0,0.0,1.0
1626870255.9506533,310,1626870255,950540410,world,0.0,0.0,1.0,0.0,0.0,0.0,1.0
1626870255.97554,311,1626870255,975441267,world,0.0,0.0,1.0,0.0,0.0,0.0,1.0
1626870256.0005496,312,1626870256,435923,world,0.0,0.0,1.0,0.0,0.0,0.0,1.0
1626870256.0260718,313,1626870256,25466776,world,0.0,0.0,1.0,0.0,0.0,0.0,1.0
1626870256.0505426,314,1626870256,50466940,world,0.0,0.0,1.0,0.0,0.0,0.0,1.0
1626870256.0755558,315,1626870256,75449196,world,0.0,0.0,1.0,0.0,0.0,0.0,1.0
1626870256.1005812,316,1626870256,100503418,world,0.0,0.0,1.0,0.0,0.0,0.0,1.0
1626870256.1255646,317,1626870256,125469547,world,0.0,0.0,1.0,0.0,0.0,0.0,1.0
1626870256.1508758,318,1626870256,150568087,world,0.0,0.0,1.0,0.0,0.0,0.0,1.0
1626870256.175552,319,1626870256,175461713,world,0.0,0.0,1.0,0.0,0.0,0.0,1.0
1626870256.2005126,320,1626870256,200447561,world,0.0,0.0,1.0,0.0,0.0,0.0,1.0
1626870256.2255113,321,1626870256,225432683,world,0.0,0.0,1.0,0.0,0.0,0.0,1.0
1626870256.250577,322,1626870256,250460660,world,0.0,0.0,1.0,0.0,0.0,0.0,1.0
1626870256.2755904,323,1626870256,275447906,world,0.0,0.0,1.0,0.0,0.0,0.0,1.0
1626870256.3006072,324,1626870256,300512324,world,0.0,0.0,1.0,0.0,0.0,0.0,1.0
1626870256.3256383,325,1626870256,325548936,world,0.0,0.0,1.0,0.0,0.0,0.0,1.0
1626870256.3507369,326,1626870256,350499076,world,0.0,0.0,1.0,0.0,0.0,0.0,1.0
1626870256.3756166,327,1626870256,375513154,world,0.0,0.0,1.0,0.0,0.0,0.0,1.0
1626870256.4005303,328,1626870256,400452151,world,0.0,0.0,1.0,0.0,0.0,0.0,1.0
1626870256.4256032,329,1626870256,425509311,world,0.0,0.0,1.0,0.0,0.0,0.0,1.0
1626870256.45067,330,1626870256,450521574,world,0.0,0.0,1.0,0.0,0.0,0.0,1.0
1626870256.475552,331,1626870256,475457497,world,0.0,0.0,1.0,0.0,0.0,0.0,1.0
1626870256.50066,332,1626870256,500515714,world,0.0,0.0,1.0,0.0,0.0,0.0,1.0
1626870256.5255227,333,1626870256,525444239,world,0.0,0.0,1.0,0.0,0.0,0.0,1.0
1626870256.5506275,334,1626870256,550457189,world,0.0,0.0,1.0,0.0,0.0,0.0,1.0
1626870256.575515,335,1626870256,575444821,world,0.0,0.0,1.0,0.0,0.0,0.0,1.0
1626870256.6005762,336,1626870256,600499597,world,0.0,0.0,1.0,0.0,0.0,0.0,1.0
1626870256.625572,337,1626870256,625472274,world,0.0,0.0,1.0,0.0,0.0,0.0,1.0
1626870256.6506498,338,1626870256,650504281,world,0.0,0.0,1.0,0.0,0.0,0.0,1.0
1626870256.6755242,339,1626870256,675450313,world,0.0,0.0,1.0,0.0,0.0,0.0,1.0
1626870256.7005196,340,1626870256,700445477,world,0.0,0.0,1.0,0.0,0.0,0.0,1.0
1626870256.725543,341,1626870256,725439160,world,0.0,0.0,1.0,0.0,0.0,0.0,1.0
1626870256.7506485,342,1626870256,750556971,world,0.0,0.0,1.0,0.0,0.0,0.0,1.0
1626870256.7755353,343,1626870256,775445598,world,0.0,0.0,1.0,0.0,0.0,0.0,1.0
1626870256.8005989,344,1626870256,800466480,world,0.0,0.0,1.0,0.0,0.0,0.0,1.0
1626870256.8255792,345,1626870256,825469431,world,0.0,0.0,1.0,0.0,0.0,0.0,1.0
1626870256.8505592,346,1626870256,850494735,world,0.0,0.0,1.0,0.0,0.0,0.0,1.0
1626870256.8755684,347,1626870256,875449596,world,0.0,0.0,1.0,0.0,0.0,0.0,1.0
1626870256.9005833,348,1626870256,900463486,world,0.0,0.0,1.0,0.0,0.0,0.0,1.0
1626870256.9255898,349,1626870256,925475169,world,0.0,0.0,1.0,0.0,0.0,0.0,1.0
1626870256.9505596,350,1626870256,950470944,world,0.0,0.0,1.0,0.0,0.0,0.0,1.0
1626870256.9755533,351,1626870256,975449723,world,0.0,0.0,1.0,0.0,0.0,0.0,1.0
1626870257.0005805,352,1626870257,504446,world,0.0,0.0,1.0,0.0,0.0,0.0,1.0
1626870257.0255911,353,1626870257,25453374,world,0.0,0.0,1.0,0.0,0.0,0.0,1.0
1626870257.0505407,354,1626870257,50468930,world,0.0,0.0,1.0,0.0,0.0,0.0,1.0
1626870257.0755513,355,1626870257,75480779,world,0.0,0.0,1.0,0.0,0.0,0.0,1.0
1626870257.1005394,356,1626870257,100460144,world,0.0,0.0,1.0,0.0,0.0,0.0,1.0
1626870257.125599,357,1626870257,125465732,world,0.0,0.0,1.0,0.0,0.0,0.0,1.0
1626870257.150533,358,1626870257,150455010,world,0.0,0.0,1.0,0.0,0.0,0.0,1.0
1626870257.1755123,359,1626870257,175427009,world,0.0,0.0,1.0,0.0,0.0,0.0,1.0
1626870257.2005737,360,1626870257,200487857,world,0.0,0.0,1.0,0.0,0.0,0.0,1.0
1626870257.2255478,361,1626870257,225456930,world,0.0,0.0,1.0,0.0,0.0,0.0,1.0
1626870257.2505374,362,1626870257,250468949,world,0.0,0.0,1.0,0.0,0.0,0.0,1.0
1626870257.2755089,363,1626870257,275407688,world,0.0,0.0,1.0,0.0,0.0,0.0,1.0
1626870257.3006299,364,1626870257,300460022,world,0.0,0.0,1.0,0.0,0.0,0.0,1.0
1626870257.325556,365,1626870257,325480641,world,0.0,0.0,1.0,0.0,0.0,0.0,1.0
1626870257.350851,366,1626870257,350770505,world,0.0,0.0,1.0,0.0,0.0,0.0,1.0
1626870257.3755393,367,1626870257,375462924,world,0.0,0.0,1.0,0.0,0.0,0.0,1.0
1626870257.400594,368,1626870257,400462754,world,0.0,0.0,1.0,0.0,0.0,0.0,1.0
1626870257.4255934,369,1626870257,425490263,world,0.0,0.0,1.0,0.0,0.0,0.0,1.0
1626870257.4506247,370,1626870257,450480861,world,0.0,0.0,1.0,0.0,0.0,0.0,1.0
1626870257.4755988,371,1626870257,475493231,world,0.0,0.0,1.0,0.0,0.0,0.0,1.0
1626870257.5082998,372,1626870257,500484302,world,0.0,0.0,1.0,0.0,0.0,0.0,1.0
1626870257.5256374,373,1626870257,525551783,world,0.0,0.0,1.0,0.0,0.0,0.0,1.0
1626870257.5505388,374,1626870257,550451941,world,0.0,0.0,1.0,0.0,0.0,0.0,1.0
1626870257.5755126,375,1626870257,575437533,world,0.0,0.0,1.0,0.0,0.0,0.0,1.0
1626870257.6006148,376,1626870257,600452590,world,0.0,0.0,1.0,0.0,0.0,0.0,1.0
1626870257.6256719,377,1626870257,625540132,world,0.0,0.0,1.0,0.0,0.0,0.0,1.0
1626870257.6509075,378,1626870257,650463889,world,0.0,0.0,1.0,0.0,0.0,0.0,1.0
1626870257.6755602,379,1626870257,675483839,world,0.0,0.0,1.0,0.0,0.0,0.0,1.0
1626870257.7005277,380,1626870257,700446337,world,0.0,0.0,1.0,0.0,0.0,0.0,1.0
1626870257.725577,381,1626870257,725453273,world,0.0,0.0,1.0,0.0,0.0,0.0,1.0
1626870257.75061,382,1626870257,750506249,world,0.0,0.0,1.0,0.0,0.0,0.0,1.0
1626870257.7755728,383,1626870257,775500765,world,0.0,0.0,1.0,0.0,0.0,0.0,1.0
1626870257.8006368,384,1626870257,800444785,world,0.0,0.0,1.0,0.0,0.0,0.0,1.0
1626870257.8256116,385,1626870257,825459893,world,0.0,0.0,1.0,0.0,0.0,0.0,1.0
1626870257.8505526,386,1626870257,850458759,world,0.0,0.0,1.0,0.0,0.0,0.0,1.0
1626870257.8755376,387,1626870257,875463498,world,0.0,0.0,1.0,0.0,0.0,0.0,1.0
1626870257.900533,388,1626870257,900455771,world,0.0,0.0,1.0,0.0,0.0,0.0,1.0
1626870257.9254813,389,1626870257,925425196,world,0.0,0.0,1.0,0.0,0.0,0.0,1.0
1626870257.950581,390,1626870257,950449604,world,0.0,0.0,1.0,0.0,0.0,0.0,1.0
1626870257.9755652,391,1626870257,975448422,world,0.0,0.0,1.0,0.0,0.0,0.0,1.0
1626870258.000562,392,1626870258,438798,world,0.0,0.0,1.0,0.0,0.0,0.0,1.0
1626870258.0255678,393,1626870258,25446642,world,0.0,0.0,1.0,0.0,0.0,0.0,1.0
1626870258.0505311,394,1626870258,50436572,world,0.0,0.0,1.0,0.0,0.0,0.0,1.0
1626870258.0755394,395,1626870258,75452075,world,0.0,0.0,1.0,0.0,0.0,0.0,1.0
1626870258.1006384,396,1626870258,100488445,world,0.0,0.0,1.0,0.0,0.0,0.0,1.0
1626870258.1256645,397,1626870258,125528668,world,0.0,0.0,1.0,0.0,0.0,0.0,1.0
1626870258.1506207,398,1626870258,150462228,world,0.0,0.0,1.0,0.0,0.0,0.0,1.0
1626870258.1755536,399,1626870258,175457612,world,0.0,0.0,1.0,0.0,0.0,0.0,1.0
1626870258.200567,400,1626870258,200463526,world,0.0,0.0,1.0,0.0,0.0,0.0,1.0
1626870258.2256303,401,1626870258,225549770,world,0.0,0.0,1.0,0.0,0.0,0.0,1.0
1626870258.2506053,402,1626870258,250491575,world,0.0,0.0,1.0,0.0,0.0,0.0,1.0
1626870258.275572,403,1626870258,275481682,world,0.0,0.0,1.0,0.0,0.0,0.0,1.0
1626870258.3005376,404,1626870258,300436875,world,0.0,0.0,1.0,0.0,0.0,0.0,1.0
1626870258.3255265,405,1626870258,325451317,world,0.0,0.0,1.0,0.0,0.0,0.0,1.0
1626870258.3505712,406,1626870258,350481564,world,0.0,0.0,1.0,0.0,0.0,0.0,1.0
1626870258.3755276,407,1626870258,375456544,world,0.0,0.0,1.0,0.0,0.0,0.0,1.0
1626870258.4005158,408,1626870258,400441183,world,0.0,0.0,1.0,0.0,0.0,0.0,1.0
1626870258.425522,409,1626870258,425456384,world,0.0,0.0,1.0,0.0,0.0,0.0,1.0
1626870258.450557,410,1626870258,450470940,world,0.0,0.0,1.0,0.0,0.0,0.0,1.0
1626870258.4756877,411,1626870258,475460547,world,0.0,0.0,1.0,0.0,0.0,0.0,1.0
1626870258.5030675,412,1626870258,500466585,world,0.0,0.0,1.0,0.0,0.0,0.0,1.0
1626870258.525583,413,1626870258,525469051,world,0.0,0.0,1.0,0.0,0.0,0.0,1.0
1626870258.550641,414,1626870258,550472384,world,0.0,0.0,1.0,0.0,0.0,0.0,1.0
1626870258.5755816,415,1626870258,575465899,world,0.0,0.0,1.0,0.0,0.0,0.0,1.0
1626870258.6006293,416,1626870258,600461626,world,0.0,0.0,1.0,0.0,0.0,0.0,1.0
1626870258.6255324,417,1626870258,625455872,world,0.0,0.0,1.0,0.0,0.0,0.0,1.0
1626870258.6505456,418,1626870258,650477046,world,0.0,0.0,1.0,0.0,0.0,0.0,1.0
1626870258.675542,419,1626870258,675450623,world,0.0,0.0,1.0,0.0,0.0,0.0,1.0
1626870258.700525,420,1626870258,700444461,world,0.0,0.0,1.0,0.0,0.0,0.0,1.0
1626870258.7255495,421,1626870258,725462665,world,0.0,0.0,1.0,0.0,0.0,0.0,1.0
1626870258.750706,422,1626870258,750522991,world,0.0,0.0,1.0,0.0,0.0,0.0,1.0
1626870258.7755687,423,1626870258,775470633,world,0.0,0.0,1.0,0.0,0.0,0.0,1.0
1626870258.8006058,424,1626870258,800454299,world,0.0,0.0,1.0,0.0,0.0,0.0,1.0
1626870258.8257113,425,1626870258,825499294,world,0.0,0.0,1.0,0.0,0.0,0.0,1.0
1626870258.8505688,426,1626870258,850470392,world,0.0,0.0,1.0,0.0,0.0,0.0,1.0
1626870258.8755243,427,1626870258,875434964,world,0.0,0.0,1.0,0.0,0.0,0.0,1.0
1626870258.9005806,428,1626870258,900475290,world,0.0,0.0,1.0,0.0,0.0,0.0,1.0
1626870258.925525,429,1626870258,925453616,world,0.0,0.0,1.0,0.0,0.0,0.0,1.0
1626870258.9505548,430,1626870258,950451085,world,0.0,0.0,1.0,0.0,0.0,0.0,1.0
1626870258.9755821,431,1626870258,975452161,world,0.0,0.0,1.0,0.0,0.0,0.0,1.0
1626870259.0005429,432,1626870259,451350,world,0.0,0.0,1.0,0.0,0.0,0.0,1.0
1626870259.0255225,433,1626870259,25454312,world,0.0,0.0,1.0,0.0,0.0,0.0,1.0
1626870259.0505505,434,1626870259,50436628,world,0.0,0.0,1.0,0.0,0.0,0.0,1.0
1626870259.0754921,435,1626870259,75434772,world,0.0,0.0,1.0,0.0,0.0,0.0,1.0
1626870259.100562,436,1626870259,100457343,world,0.0,0.0,1.0,0.0,0.0,0.0,1.0
1626870259.1256304,437,1626870259,125506415,world,0.0,0.0,1.0,0.0,0.0,0.0,1.0
1626870259.1506164,438,1626870259,150476335,world,0.0,0.0,1.0,0.0,0.0,0.0,1.0
1626870259.175567,439,1626870259,175460538,world,0.0,0.0,1.0,0.0,0.0,0.0,1.0
1626870259.2006137,440,1626870259,200464521,world,0.0,0.0,1.0,0.0,0.0,0.0,1.0
1626870259.2255437,441,1626870259,225436515,world,0.0,0.0,1.0,0.0,0.0,0.0,1.0
1626870259.2505598,442,1626870259,250447359,world,0.0,0.0,1.0,0.0,0.0,0.0,1.0
1626870259.275526,443,1626870259,275462495,world,0.0,0.0,1.0,0.0,0.0,0.0,1.0
1626870259.3006103,444,1626870259,300471713,world,0.0,0.0,1.0,0.0,0.0,0.0,1.0
1626870259.3255477,445,1626870259,325470831,world,0.0,0.0,1.0,0.0,0.0,0.0,1.0
1626870259.3506293,446,1626870259,350459191,world,0.0,0.0,1.0,0.0,0.0,0.0,1.0
1626870259.3755994,447,1626870259,375443592,world,0.0,0.0,1.0,0.0,0.0,0.0,1.0
1626870259.400647,448,1626870259,400467448,world,0.0,0.0,1.0,0.0,0.0,0.0,1.0
1626870259.42559,449,1626870259,425468589,world,0.0,0.0,1.0,0.0,0.0,0.0,1.0
1626870259.450571,450,1626870259,450458606,world,0.0,0.0,1.0,0.0,0.0,0.0,1.0
1626870259.4755435,451,1626870259,475462319,world,0.0,0.0,1.0,0.0,0.0,0.0,1.0
1626870259.5005727,452,1626870259,500459159,world,0.0,0.0,1.0,0.0,0.0,0.0,1.0
1626870259.5255857,453,1626870259,525481097,world,0.0,0.0,1.0,0.0,0.0,0.0,1.0
1626870259.5505588,454,1626870259,550482297,world,0.0,0.0,1.0,0.0,0.0,0.0,1.0
1626870259.575538,455,1626870259,575447909,world,0.0,0.0,1.0,0.0,0.0,0.0,1.0
1626870259.600812,456,1626870259,600484298,world,0.0,0.0,1.0,0.0,0.0,0.0,1.0
1626870259.62561,457,1626870259,625506993,world,0.0,0.0,1.0,0.0,0.0,0.0,1.0
1626870259.6505573,458,1626870259,650486417,world,0.0,0.0,1.0,0.0,0.0,0.0,1.0
1626870259.675509,459,1626870259,675437022,world,0.0,0.0,1.0,0.0,0.0,0.0,1.0
1626870259.700567,460,1626870259,700427694,world,0.0,0.0,1.0,0.0,0.0,0.0,1.0
1626870259.7255552,461,1626870259,725458699,world,0.0,0.0,1.0,0.0,0.0,0.0,1.0
1626870259.7505596,462,1626870259,750469441,world,0.0,0.0,1.0,0.0,0.0,0.0,1.0
1626870259.7756248,463,1626870259,775526372,world,0.0,0.0,1.0,0.0,0.0,0.0,1.0
1626870259.8006854,464,1626870259,800584957,world,0.0,0.0,1.0,0.0,0.0,0.0,1.0
1626870259.8255424,465,1626870259,825469946,world,0.0,0.0,1.0,0.0,0.0,0.0,1.0
1626870259.8506632,466,1626870259,850517772,world,0.0,0.0,1.0,0.0,0.0,0.0,1.0
1626870259.875527,467,1626870259,875447629,world,0.0,0.0,1.0,0.0,0.0,0.0,1.0
1626870259.9007413,468,1626870259,900625779,world,0.0,0.0,1.0,0.0,0.0,0.0,1.0
1626870259.9255733,469,1626870259,925462356,world,0.0,0.0,1.0,0.0,0.0,0.0,1.0
1626870259.9506655,470,1626870259,950527518,world,0.0,0.0,1.0,0.0,0.0,0.0,1.0
1626870259.9755573,471,1626870259,975471607,world,0.0,0.0,1.0,0.0,0.0,0.0,1.0
1626870260.0005355,472,1626870260,464697,world,0.0,0.0,1.0,0.0,0.0,0.0,1.0
1626870260.02553,473,1626870260,25440800,world,0.0,0.0,1.0,0.0,0.0,0.0,1.0
1626870260.050645,474,1626870260,50458873,world,0.0,0.0,1.0,0.0,0.0,0.0,1.0
1626870260.075543,475,1626870260,75461804,world,0.0,0.0,1.0,0.0,0.0,0.0,1.0
1626870260.1005917,476,1626870260,100477612,world,0.0,0.0,1.0,0.0,0.0,0.0,1.0
1626870260.125669,477,1626870260,125472131,world,0.0,0.0,1.0,0.0,0.0,0.0,1.0
1626870260.1505952,478,1626870260,150459050,world,0.0,0.0,1.0,0.0,0.0,0.0,1.0
1626870260.1755745,479,1626870260,175455612,world,0.0,0.0,1.0,0.0,0.0,0.0,1.0
1626870260.200536,480,1626870260,200458554,world,0.0,0.0,1.0,0.0,0.0,0.0,1.0
1626870260.2255747,481,1626870260,225501055,world,0.0,0.0,1.0,0.0,0.0,0.0,1.0
1626870260.2506397,482,1626870260,250455339,world,0.0,0.0,1.0,0.0,0.0,0.0,1.0
1626870260.2755792,483,1626870260,275479142,world,0.0,0.0,1.0,0.0,0.0,0.0,1.0
1626870260.3005388,484,1626870260,300454201,world,0.0,0.0,1.0,0.0,0.0,0.0,1.0
1626870260.3255267,485,1626870260,325446179,world,0.0,0.0,1.0,0.0,0.0,0.0,1.0
1626870260.350545,486,1626870260,350463435,world,0.0,0.0,1.0,0.0,0.0,0.0,1.0
1626870260.3755336,487,1626870260,375461468,world,0.0,0.0,1.0,0.0,0.0,0.0,1.0
1626870260.400727,488,1626870260,400477769,world,0.0,0.0,1.0,0.0,0.0,0.0,1.0
1626870260.4256363,489,1626870260,425472378,world,0.0,0.0,1.0,0.0,0.0,0.0,1.0
1626870260.450687,490,1626870260,450582793,world,0.0,0.0,1.0,0.0,0.0,0.0,1.0
1626870260.4755518,491,1626870260,475469682,world,0.0,0.0,1.0,0.0,0.0,0.0,1.0
1626870260.500497,492,1626870260,500439526,world,0.0,0.0,1.0,0.0,0.0,0.0,1.0
1626870260.5256176,493,1626870260,525558193,world,0.0,0.0,1.0,0.0,0.0,0.0,1.0
1626870260.5506287,494,1626870260,550488341,world,0.0,0.0,1.0,0.0,0.0,0.0,1.0
1626870260.575562,495,1626870260,575454727,world,0.0,0.0,1.0,0.0,0.0,0.0,1.0
